id,id_municipio,id_estado,nome,localizacao,rede,coordenadas_latitude,coordenadas_longitude,has_inf,has_fund_ai,has_fund_af,has_fund_em
27004023,2707107,27,ESCOLA MUNICIPAL PROFESSORA ALZIRA MAZZONI DE ALMEIDA,Rural,Municipal,-9.504589,-37.676979,true,true,true,false
27004066,2707107,27,ESCOLA RURAL DOM ANTONIO BRANDAO,Rural,Municipal,-9.669503,-37.659067,true,true,true,false
27004074,2707107,27,ESCOLA MUNICIPAL DE EDUCACAO BASICA DESEMBARGADOR ANTONIO NUNES ARAUJO,Rural,Municipal,-9.487268,-37.728627,true,true,true,false
27004082,2707107,27,ESCOLA MUNICIPAL DEPUTADO JOSE BANDEIRA,Rural,Municipal,-9.424250,-37.715396,false,true,true,false
27004210,2707107,27,ESCOLA MUNICIPAL FREI DAMIAO,Rural,Municipal,-9.389744,-37.669469,true,true,true,false
27004368,2707107,27,ESCOLA ESTADUAL DE XINGO II- EEX-II,Urbana,Estadual,-9.607684,-37.759785,false,false,true,true
27004376,2707107,27,ESCOLA ESTADUAL CELSO RODRIGUES REGO,Urbana,Estadual,-9.606498,-37.770780,false,false,true,true
27005933,2706406,27,COLEGIO SAO VICENTE,Urbana,Privada,-9.747190,-37.436336,true,true,true,true
27006077,2706406,27,UNIDADE MUNICIPAL DE ENSINO SITIO JOAO LEITE,Rural,Municipal,-9.643528,-37.507503,true,true,true,false
27006107,2706406,27,UNIDADE MUNICIPAL DE ENSINO PE DA SERRA,Rural,Municipal,-9.655275,-37.371960,true,true,false,false
27006123,2706406,27,UNIDADE MUNICIPAL DE ENSINO MANOEL RODRIGUES CORREIA,Rural,Municipal,-9.595358,-37.576380,true,true,false,false
27006131,2706406,27,UNIDADE MUNICIPAL DE ENSINO ANA TEREZA DE JESUS,Rural,Municipal,-9.682367,-37.395332,true,true,false,false
27006166,2706406,27,UNIDADE MUNICIPAL DE ENS PROF JAIME DE ALTAVILLA,Rural,Municipal,-9.671275,-37.382460,false,false,true,false
27006182,2706406,27,UNIDADE MUNICIPAL DE ENSINO JOSE GONCALVES DE ANDRADE,Rural,Municipal,-9.749628,-37.446500,true,true,true,false
27006204,2706406,27,UNIDADE MUNICIPAL DE ENSINO CAMPO NOVO,Rural,Municipal,-9.661429,-37.547999,false,false,true,false
27006212,2706406,27,UNIDADE MUNICIPAL VER ANTONIO MACHADO GUIMARAES,Rural,Municipal,-9.749378,-37.435172,true,true,false,false
27006280,2706406,27,UNIDADE MUNICIPAL DE ENSINO JOSE TAVARES DE CASTRO,Rural,Municipal,-9.786944,-37.341086,false,false,true,false
27006328,2706406,27,UNIDADE MUNICIPAL DE ENSINO JOAQUIM FONSECA,Urbana,Municipal,-9.742036,-37.434482,true,true,false,false
27006336,2706406,27,UNIDADE MUNICIPAL DE ENSINO PROF MANOEL ALVES,Rural,Municipal,-9.736831,-37.525878,true,true,false,false
27006352,2706406,27,UNIDADE MUNICIPAL DE ENSINO CAP MANOEL REGO,Rural,Municipal,-9.651189,-37.363731,true,true,false,false
27006379,2706406,27,UNIDADE MUNICIPAL DE ENSINO DE ALECRIM,Rural,Municipal,-9.812014,-37.318513,true,true,false,false
27006433,2706406,27,UNIDADE MUNICIPAL DE ENSINO MONSENHOR LYRA,Rural,Municipal,-9.673888,-37.373610,true,true,false,false
27006468,2706406,27,UNIDADE MUNICIPAL DE ENSINO SAO MIGUEL,Rural,Municipal,-9.660187,-37.594406,true,true,false,false
27006492,2706406,27,UNIDADE MUNICIPAL ENS JULIO DAMASCENO RIBEIRO,Rural,Municipal,-9.749378,-37.435172,true,true,false,false
27006530,2706406,27,UNIDADE MUNICIPAL DE ENSINO RONALCO DOS ANJOS,Urbana,Municipal,-9.747695,-37.448181,true,true,false,false
27006549,2706406,27,UNIDADE MUNICIPAL DE ENSINO SENADOR RUI PALMEIRA,Urbana,Municipal,-9.749763,-37.439700,true,true,false,false
27006573,2706406,27,UNIDADE MUNIC DE ENS PROFª Mª CELESTE M DE ANDRADE,Rural,Municipal,-9.709580,-37.328866,true,true,false,false
27010902,2705705,27,ESCOLA MUNICIPAL DE EDUCACAO BASICA PONCIANO MACHADO VILAR,Rural,Municipal,-9.530122,-37.247980,true,true,true,false
27011070,2705705,27,ESCOLA MUNICIPAL DE EDUCACAO BASICA MANOEL FLORENCIO DOS SANTOS,Rural,Municipal,-9.532161,-37.294862,true,true,true,false
27011089,2705705,27,ESCOLA MUNICIPAL DE EDUCACAO BASICA VEREADOR IZIDRO PEREIRA FILHO,Urbana,Municipal,-9.535423,-37.295870,false,true,false,false
27011119,2705705,27,ESCOLA MUNICIPAL ELISA ABREU,Urbana,Municipal,-9.538338,-37.294690,false,true,false,false
27011135,2705705,27,ESCOLA MUNICIPAL DE EDUCACAO BASICA LUIZ JOSE GREGORIO,Rural,Municipal,-9.532161,-37.294862,true,true,false,false
27011143,2705705,27,ESCOLA MUNICIPAL DE EDUCACAO BASICA MANOEL MELO DE ABREU,Urbana,Municipal,-9.529445,-37.295620,false,true,false,false
27011178,2705705,27,ESCOLA ESTADUAL PADRE ANTONIO DUARTE,Urbana,Estadual,-9.530538,-37.295190,false,false,true,true
27011852,2701209,27,ESCOLA MUNICIPAL DE EDUCACAO BASICA LICEU CACIMBINHENSE,Urbana,Municipal,-9.399187,-36.990539,false,false,true,false
27011984,2701209,27,ESCOLA MUNICIPAL DE ENSINO FUNDAMENTAL JOSE CALADO CAVALCANTE,Rural,Municipal,-9.400381,-36.923011,false,true,true,false
27012026,2701209,27,ESCOLA MUNICIPAL DE ENSINO FUNDAMENTAL CORONEL DEZINHO DUARTE,Urbana,Municipal,-9.402716,-36.991184,false,true,false,false
27012085,2701209,27,ESCOLA MUNICIPAL DE EDUCACAO BASICA JOSE PINHEIRO DA SILVA,Rural,Municipal,-9.520957,-36.915523,true,true,true,false
27015530,2707602,27,ESCOLA MUL DE EDUC BAS JOVELINA SALDANHA DA C LIMA,Urbana,Municipal,-9.318753,-36.471025,false,true,false,false
27015696,2707602,27,ESCOLA MUNICIPAL DE EDUCACAO BASICA CRISTINO PACIENTE VEIGA,Rural,Municipal,-9.284708,-36.549714,true,true,false,false
27015718,2707602,27,ESCOLA MUNICIPAL DE EDUCACAO BASICA RODRIGO JACINTO TENORIO,Rural,Municipal,-9.282555,-36.416229,true,true,false,false
27025675,2700409,27,ESCOLA MUNICIPAL DE ENSINO FUNDAMENTAL JOAO CORDEIRO DE SOUZA JUNIOR,Rural,Municipal,-9.537529,-36.176872,true,true,true,false
27025683,2700409,27,ESCOLA DE ENSINO FUNDAMENTAL ANTONIO AMANCIO DE MELO BASTOS,Urbana,Municipal,-9.510997,-36.000450,false,true,true,false
27025691,2700409,27,ESCOLA DE 1º GRAU DR EMILIO DE MAIA,Rural,Municipal,-9.505544,-36.023658,true,true,false,false
27025730,2700409,27,ESCOLA MUNICIPAL FRANCISCO DE ALBUQUERQUE PONTES,Rural,Municipal,-9.460187,-36.024878,false,true,true,false
27026060,2700409,27,ESCOLA DE 1º GRAU ANTONIO VIEIRA DA COSTA,Urbana,Municipal,-9.506608,-36.028153,false,false,true,false
27026108,2700409,27,ESCOLA SAO PEDRO,Rural,Municipal,-9.510397,-36.005404,false,true,false,false
27026124,2700409,27,GRUPO ESCOLAR CICERO CABRAL TOLEDO,Rural,Municipal,-9.491119,-36.025859,true,true,false,false
27026140,2700409,27,ESCOLA MUNICIPAL DR DOMINGOS CORREIA,Rural,Municipal,-9.546135,-35.982989,true,true,true,false
27026191,2700409,27,ESCOLA JOAQUIM FORTUNATO BITENCOURT FILHO,Urbana,Municipal,-9.510815,-36.005299,true,true,false,false
27026221,2700409,27,ESCOLA MUNICIPAL DE ENSINO FUNDAMENTAL LUCIO FIDELIS DE MOURA,Rural,Municipal,-9.495696,-36.203290,true,true,true,false
27026230,2700409,27,ESCOLA MUNICIPAL PADRE MEDEIROS NETO,Rural,Municipal,-9.485482,-36.002771,false,true,false,false
27026280,2700409,27,ESCOLA MUNICIPAL JACINTO OLIVEIRA,Rural,Municipal,-9.488055,-36.151931,true,true,false,false
27026353,2700409,27,ESCOLA MUNICIPAL JOSE MARTINS DE ALMEIDA,Rural,Municipal,-9.495854,-36.082843,false,true,false,false
27029174,2703908,27,ESCOLA DE ENSINO FUNDAMENTAL LUIZ MENDONCA UCHOA,Rural,Municipal,-8.940451,-35.555721,true,true,false,false
27029212,2703908,27,ESCOLA DE ENSINO FUNDAMENTAL PEDRO SURUAGY,Urbana,Municipal,-8.940451,-35.555721,false,true,true,false
27029239,2703908,27,ESCOLA DE ENSINO FUNDAMENTAL TEOTONIO VILELA,Rural,Municipal,-8.940451,-35.555721,true,true,false,false
27029263,2703908,27,ESCOLA DE ENSINO FUNDAMENTAL MAXIMINO BUARQUE,Rural,Municipal,-8.940451,-35.555721,true,true,false,false
27029344,2703908,27,ESCOLA DE ENSINO FUND DEP ANTONIO R ALBUQUERQUE,Rural,Municipal,-8.942540,-35.553991,true,true,false,false
27039579,2706448,27,ESCOLA MUNICIPAL DE ENSINO FUNDAMENTAL ALFREDO LEANDRO NETO,Urbana,Municipal,-9.465364,-35.557700,true,true,false,false
27039587,2706448,27,ESCOLA MUNICIPAL DE ENSINO FUNDAMENTAL DOM PEDRO I,Urbana,Municipal,-9.464174,-35.546023,false,true,false,false
27039692,2706901,27,E M E B MINISTRO JARBAS PASSARINHO,Urbana,Municipal,-9.593737,-35.956690,false,true,false,false
27039706,2706901,27,E M E B ANTONIO EUSTAQUIO DE MELO,Rural,Municipal,-9.598773,-36.072501,true,true,false,false
27039790,2706901,27,E M E B PROFESSORA LOURINETE DOS SANTOS BARBOSA PEREIRA,Urbana,Municipal,-9.593540,-35.951444,false,true,false,false
27039927,2706901,27,E M E B DEPUTADO OSEAS CARDOSO,Urbana,Municipal,-9.608563,-35.953711,false,true,false,false
27040054,2706901,27,E M E B PROFESSORA JACY DA COSTA AIRES,Urbana,Municipal,-9.588647,-35.959239,false,true,false,false
27044750,2702702,27,ESCOLA MUNICIPAL DE EDUCACAO BASICA HEVYTON ALVES POSSIDONIO,Urbana,Municipal,-10.289158,-36.303125,false,false,true,false
27044769,2702702,27,ESCOLA MUNICIPAL DE EDUCACAO BASICA VEREADOR ANTONIO CAETANO DE MELO,Rural,Municipal,-10.254220,-36.381982,true,true,false,false
27047350,2706448,27,ESCOLA DE EDUCACAO BASICA MUNDO DO SABER,Urbana,Privada,,,true,true,true,false
27047873,2706406,27,UNIDADE MUNICIPAL DE ENSINO MINISTRO AUGUSTO DE FREITAS MACHADO,Rural,Municipal,-9.673005,-37.377042,false,false,true,false
27047938,2700409,27,ESCOLA MUNICIPAL ADILIA VIEIRA DA COSTA,Rural,Municipal,-9.530159,-36.065278,true,true,false,false
27048004,2706901,27,ESPACO EDUCACIONAL TIA IVONETE,Urbana,Privada,-9.590840,-35.963550,true,true,true,true
27048713,2700409,27,CENTRO EDUCACIONAL LUZ DO SABER,Urbana,Privada,,,false,true,false,false
27049728,2706901,27,EEB HELENA DE OLIVEIRA,Urbana,Privada,,,true,true,true,false
27050874,2705705,27,ESCOLA DE EDUCACAO BASICA PINGO DE GENTE,Urbana,Privada,,,true,true,false,false
27051285,2700409,27,CENTRO EDUCACIONAL EDUCANDO COM SABER,Urbana,Privada,,,true,true,true,false
27051358,2706901,27,ESCOLA DE ENSINO INFANTIL E FUNDAMENTAL GIRASSOL,Urbana,Privada,,,true,true,false,false
27052095,2707107,27,COLEGIO DE EDUCACAO BASICA MODULO SABER,Urbana,Privada,-9.601440,-37.769676,false,false,true,true
27052125,2700409,27,COLEGIO INOVAR,Urbana,Privada,-9.503881,-36.024806,false,true,true,true
27052150,2705705,27,COLEGIO PROFESSOR VALDEMAR FARIAS ABREU,Urbana,Privada,,,true,true,true,false
27052176,2706406,27,ESCOLA PRIMEIROS PASSOS,Urbana,Privada,-9.747800,-37.436713,true,true,false,false
27052184,2706406,27,CENTRO EDUCACIONAL OPCAO-CEO,Urbana,Privada,,,true,true,false,false
27052230,2706901,27,ESCOLA MUNICIPAL DE EDUCACAO BASICA VEREADOR JOSE WASHINGTON MELO MAIA,Rural,Municipal,-9.554968,-35.966247,false,true,false,false
27052893,2706901,27,ESCOLA MUNICIPAL DE EDUCACAO BASICA PROFESSORA MARIA GORETE DA SILVA,Urbana,Municipal,-9.594531,-35.966951,true,true,false,false
27052907,2706901,27,ESCOLA MUNICIPAL PROFESSORA SUELI CRISTINA SANTOS CHAGAS,Urbana,Municipal,-9.585425,-35.962059,false,true,false,false
27054063,2706901,27,CENTRO INTEGRAL DE ENSINO FUNDAMENTAL BILINGUE DE PILAR PROFESSORA MARIA EUDA DE MELO OMENA,Urbana,Municipal,-9.593975,-35.957063,false,true,false,false
27216632,2705705,27,COLEGIO IMACULADA CONCEICAO,Urbana,Privada,,,true,true,true,false
27216969,2706448,27,ESCOLA MUL DE ENS FUND DR PEDRO ADOLPHO MARTINS REYS,Urbana,Municipal,-9.467507,-35.555149,false,true,false,false
27217230,2706448,27,ESCOLA MUNICIPAL DE ENSINO FUNDAMENTAL MARIA DAS GRACAS OLIVEIRA,Urbana,Municipal,-9.467484,-35.555240,false,false,true,false
27217639,2707107,27,COOPEX - ESCOLA CONVIVENDO,Urbana,Privada,-9.612982,-37.765900,true,true,true,true
27220125,2700409,27,ESCOLA MUNICIPAL SUZANA CRAVEIRO COSTA DE MEDEIROS,Rural,Municipal,-9.508629,-35.992277,false,true,true,false
27220389,2706406,27,UNIDADE MUNICIPAL DE ENSINO PEDRO SOARES DOS PRAZERES,Rural,Municipal,-9.543848,-37.579554,true,true,true,false
27221890,2705705,27,ESCOLA MUNICIPAL DE EDUCACAO BASICA MARIA AUGUSTA SILVA MELO,Urbana,Municipal,-9.532161,-37.294862,false,false,true,false
27221997,2700409,27,ESCOLA MUNICIPAL ASSENTAMENTO BOA FE,Rural,Municipal,-9.588884,-36.081837,true,true,false,false
27222020,2700409,27,ESCOLA MUNICIPAL ASSENTAMENTO FLOR DA SERRA,Rural,Municipal,-9.540613,-36.198366,true,true,false,false
27222217,2707107,27,ESCOLA PROFESSORA SONIA MARIA NUNES CORDEIRO,Urbana,Municipal,-9.598519,-37.772665,true,true,false,false
27222225,2707107,27,ESCOLA MUNICIPAL DE ENSINO FUNDAMENTAL NOSSA SENHORA DA SAUDE,Urbana,Municipal,-9.607101,-37.761076,false,true,false,false
27222586,2702702,27,ESCOLA MUNICIPAL DE EDUCACAO BASICA JOAO MANUEL MUNIZ SIMOES,Urbana,Municipal,-10.294962,-36.309483,false,true,false,false
27222756,2706406,27,UNIDADE MUNICIPAL DE ENSINO BRAULIO CAVALCANTE,Urbana,Municipal,-9.748742,-37.432650,false,false,true,false
27222985,2700409,27,ESCOLA MUNICIPAL ASSENTAMENTO BRASILEIRO,Rural,Municipal,-9.545278,-36.068519,true,true,false,false
27224163,2700409,27,ESCOLA MUNICIPAL DR JOAO CARLOS,Rural,Municipal,-9.497471,-36.094921,false,false,true,false
27224210,2706901,27,ESCOLA MACHADO DE ASSIS,Urbana,Privada,-9.607854,-35.953200,true,true,true,true
27224279,2701209,27,ESCOLA MUNICIPAL DE ENSINO FUNDAMENTAL JOAO OLIVEIRA DOS REIS,Urbana,Municipal,-9.394772,-36.985020,false,true,false,false
27224600,2707107,27,ESCOLA MUNICIPAL DE ENSINO FUNDAMENTAL LUIZ TERTULIANO DA PAZ,Rural,Municipal,-9.481475,-37.672104,false,true,true,false
27224724,2707107,27,ESCOLA DE ENSINO FUNDAMENTAL ARCO IRIS LTDA,Urbana,Privada,-9.603395,-37.771185,true,true,false,false
27225577,2706901,27,E M E B PROFESSOR ARTHUR RAMOS,Urbana,Municipal,-9.591198,-35.962382,false,true,true,false
27225763,2700409,27,ESCOLA MUNICIPAL PEDRO FRANCISCO MOURA,Rural,Municipal,-9.538141,-36.132813,true,true,false,false
27225844,2706406,27,UNIDADE MUNICIPAL DE ENSINO ASSENTAMENTO ALEMAR,Rural,Municipal,-9.713089,-37.495156,true,true,false,false
27226000,2706901,27,ESCOLA DE ENSINO FUNDAMENTAL E MEDIO CRIATIVA LTDA,Urbana,Privada,-9.607106,-35.953930,true,true,true,true
27226018,2706901,27,E M E B EMBAIXADOR RENATO DE MENDONCA,Urbana,Municipal,-9.598519,-35.961252,false,false,true,false
27226395,2707602,27,ESCOLA MUNICIPAL PROFESSORA MIRTA CORREIA COSTA,Rural,Municipal,-9.308737,-36.473563,false,false,true,false
27226913,2706901,27,ESCOLA MUNICIPAL DE EDUCACAO BASICA NOSSA SENHORA DO PILAR,Urbana,Municipal,-9.606853,-35.953064,false,false,true,false
27230465,2707107,27,ESCOLA MUNICIPAL DE EDUCACAO BASICA PROFESSOR IVAN FERNANDES LIMA,Urbana,Municipal,-9.599608,-37.769958,false,true,true,false
27238806,2701209,27,CENTRO EDUCACIONAL PROFESSORA DARCY DUARTE DE AMORIM,Urbana,Privada,,,false,true,true,true
27312011,2706901,27,E M E B PROFESSOR JORGE BARROS,Urbana,Municipal,-9.606903,-35.952102,false,true,false,false
27340015,2700409,27,CENTRO PEDAGOGICO EDUCANDO PARA VIDA,Urbana,Privada,,,true,true,false,false
27341011,2700409,27,ESCOLA MUNICIPAL JABES FRANCISCO DA SILVA,Urbana,Municipal,-9.503940,-36.022688,true,true,false,false
27352013,2700409,27,CENTRO EDUCACIONAL O PEQUENO PRINCIPE,Urbana,Privada,-9.500725,-36.024583,true,true,true,true
27356019,2705705,27,ESCOLA DE ENSINO FUNDAMENTAL SANTA IZABEL,Urbana,Privada,,,false,true,false,false
35004036,3525904,35,COLEGIO ELISEOS,Urbana,Privada,-23.188872,-46.902585,true,true,true,true
35004080,3506102,35,ESCOLA MUNICIPAL DE EDUCACAO BASICA ANTONIO CARLOS ROCHA,Urbana,Municipal,-20.915580,-48.482274,true,true,false,false
35004304,3543402,35,ESCOLA CONCEPT,Urbana,Privada,-21.235774,-47.836821,true,true,true,true
35004305,3543402,35,COLEGIO ELEVE DE RIBEIRAO PRETO,Urbana,Privada,-21.164126,-47.807516,true,true,false,false
35004373,3543402,35,ESPACO ARTE DO MUSEU,Urbana,Privada,,,false,true,true,false
35004419,3506102,35,ESCOLA MUNICIPAL DE EDUCACAO BASICA PROFESSORA EFIGENIA COLOZIO DENARDI CARDOSO,Urbana,Municipal,-21.000959,-48.548709,true,true,false,false
35004904,3525904,35,COLEGIO PENTAGUNUM OBJETIVO JUNDIAI,Urbana,Privada,-23.196862,-46.896148,true,true,true,true
35004999,3505500,35,ESCOLA INFANTIL TIA MERCIA,Urbana,Privada,-20.584375,-48.569977,true,true,false,false
35005000,3505500,35,ESCOLA DE EDUCACAO INFANTIL E ENSINO FUNDAMENTAL DOCE MEL,Urbana,Privada,-20.547337,-48.566506,true,true,false,false
35005019,3505500,35,ESCOLA DE EDUCACAO INFANTIL VIDA DE CRIANCA,Urbana,Privada,-20.565342,-48.571424,true,true,false,false
35005395,3543402,35,MAPLE BEAR CANADIAN SCHOOL RIBEIRAO PRETO,Urbana,Privada,-21.219537,-47.808250,true,true,true,true
35005502,3516309,35,BELEM DA SERRA,Urbana,Estadual,-23.277578,-46.739832,false,false,true,true
35005770,3516309,35,CELESTINA VALENTE LENGENFELDER PROFA,Urbana,Estadual,-23.283852,-46.748077,false,false,true,false
35005942,3556909,35,ESCOLA DE EDUCACAO INFANTIL E ENSINO FUNDAMENTAL PEQUENO APRENDIZ,Urbana,Privada,-21.172973,-48.629602,true,true,false,false
35005948,3525904,35,ESCOLA PATELLI JUNDIAI,Urbana,Privada,-23.187857,-46.855709,false,true,true,false
35006013,3506102,35,COLEGIO DOM MAGICO,Urbana,Privada,-20.951866,-48.485703,false,true,false,false
35006183,3543402,35,COLEGIO INDEPENDENCIA,Urbana,Privada,,,true,true,false,false
35006884,3525904,35,ESCOLA DE EDUCACAO INFANTIL E FUNDAMENTAL EDUCARMAIS LTDA,Urbana,Privada,-23.185084,-46.986134,true,true,true,false
35006969,3525904,35,COLEGIO CARREIRA LTDA,Urbana,Privada,,,false,true,true,false
35006994,3525904,35,RED HOUSE INTERNATIONAL SCHOOL,Urbana,Privada,,,true,true,false,false
35007119,3516309,35,COLEGIO REOBOTE,Urbana,Privada,,,true,true,false,false
35007131,3543402,35,COLEGIO SPIRLANDELLI,Urbana,Privada,,,true,true,false,false
35007202,3543402,35,JARDIM BELA LIRIA ESCOLA DE EDUCACAO INFANTIL E ENSINO FUNDAMENTAL I,Urbana,Privada,,,true,true,false,false
35007288,3505500,35,FRANCISCO CORREA EMR,Rural,Municipal,-20.572329,-48.567642,false,true,false,false
35007539,3505500,35,COLEGIO LICEU EDUCACIONAL BARRETOS,Urbana,Privada,,,false,true,true,true
35007649,3506102,35,COLEGIO NOVOTEMPO,Urbana,Privada,-20.958183,-48.483595,true,true,false,false
35007840,3543402,35,COC RIBEIRAO PRETO REDE UNICA EDUCACAO,Urbana,Privada,-21.187952,-47.811650,true,true,true,false
35007872,3543402,35,COLEGIO SALOMAO,Urbana,Privada,,,true,true,true,false
35007958,3543402,35,COLEGIO ELEVE DE RIBEIRAO PRETO UNIDADE KENNEDY,Urbana,Privada,,,true,true,true,false
35008462,3516309,35,ESCOLA INFANTIL MENINO JESUS,Urbana,Privada,,,true,true,false,false
35009366,3543402,35,COLEGIO NOVO UNIDADE ALTO DA BOA VISTA,Urbana,Privada,,,true,true,true,true
35009470,3525904,35,COLEGIO AURUM,Urbana,Privada,,,true,true,true,false
35009503,3543402,35,LICEU SAO SEBASTIAO,Urbana,Privada,,,false,true,false,false
35009602,3506102,35,COLEGIO LICEU PAULO FREIRE,Urbana,Privada,,,false,false,true,true
35009629,3505500,35,IVONE DINIZ JUNQUEIRA PROF EM,Urbana,Municipal,,,true,true,false,false
35009715,3525904,35,COLEGIO ARCANGELUS,Urbana,Privada,,,true,true,true,false
35009734,3505500,35,COLEGIO LOTUS EDUCACAO INFANTIL LTDA,Urbana,Privada,,,true,true,false,false
35009735,3505500,35,COLEGIO LOTUS ENSINO FUNDAMENTAL E MEDIO,Urbana,Privada,,,false,true,true,false
35009758,3525904,35,ADVENTISTA DE JARDIM FLORESTAL,Urbana,Privada,,,true,true,true,false
35009759,3525904,35,THE JOY SCHOOL,Urbana,Privada,,,true,true,false,false
35019379,3525904,35,FRANCISCO NAPOLEAO MAIA PROFESSOR,Urbana,Estadual,-23.216433,-46.880355,false,false,true,true
35019380,3525904,35,RAFAEL DE OLIVEIRA,Urbana,Estadual,-23.187797,-46.986591,false,false,true,true
35019409,3525904,35,CECILIA ROLEMBERG PORTO GUELLI PROFESSORA,Urbana,Estadual,-23.174272,-46.887503,false,false,true,true
35019422,3525904,35,JOSE FELICIANO DE OLIVEIRA PROFESSOR,Urbana,Estadual,-23.191277,-46.855898,false,false,true,true
35019434,3525904,35,JOSE SILVA JUNIOR PROFESSOR,Urbana,Estadual,-23.155378,-46.871978,false,false,true,true
35019446,3525904,35,PROFESSORA MARIA DE LOURDES DE FRANCA SILVEIRA,Urbana,Estadual,-23.186646,-46.865482,false,false,true,true
35019501,3525904,35,GABRIEL PAULINO BUENO COUTO BISPO DOM,Urbana,Estadual,-23.187469,-46.895321,false,false,true,true
35019550,3525904,35,ANA PINTO DUARTE PAES PROFESSORA,Urbana,Estadual,-23.178935,-46.877496,false,false,true,true
35019690,3525904,35,BENEDITA ARRUDA PROFESSORA,Urbana,Estadual,-23.211144,-46.857183,false,false,true,true
35019719,3525904,35,SIQUEIRA MORAES,Urbana,Estadual,-23.199453,-46.883968,false,false,true,true
35019732,3525904,35,BARAO DE JUNDIAI,Urbana,Estadual,-23.181979,-46.849187,false,false,true,true
35019744,3525904,35,ADONIRO LADEIRA PROFESSOR,Urbana,Estadual,-23.172347,-46.913657,false,false,true,true
35019768,3525904,35,PAULO MENDES SILVA,Urbana,Estadual,-23.203573,-46.871553,false,false,true,true
35019781,3525904,35,RAFAEL MAURO DOUTOR,Urbana,Estadual,-23.225363,-46.877462,false,false,true,true
35019800,3525904,35,ELOY DE MIRANDA CHAVES DOUTOR,Urbana,Estadual,-23.182090,-46.867980,false,false,true,true
35019835,3525904,35,ALBERTINA FORTAREL PROFESSORA,Urbana,Estadual,-23.187290,-46.962631,false,false,true,true
35019859,3525904,35,DIOGENES DUARTE PAES,Urbana,Estadual,-23.183202,-46.916253,false,false,true,true
35019872,3525904,35,GETULIO NOGUEIRA DE SA PROFESSOR,Urbana,Estadual,-23.152422,-46.852216,false,false,true,true
35021775,3512407,35,JAMIL ABRAHAO SAAD,Urbana,Estadual,-22.480980,-47.463355,false,false,true,true
35022214,3505500,35,BENEDITO PEREIRA CARDOSO PROFESSOR,Urbana,Estadual,-20.571093,-48.570690,false,false,true,true
35022238,3517406,35,ENOCH GARCIA LEAL,Urbana,Estadual,-20.317847,-48.317155,false,false,true,true
35022263,3505500,35,ALMEIDA PINTO,Urbana,Estadual,-20.555159,-48.563238,false,false,true,true
35022329,3505500,35,PAULINA NUNES DE MORAES PROFESSORA,Urbana,Estadual,-20.572755,-48.564333,false,false,true,true
35022354,3505500,35,MARIO VIEIRA MARCONDES,Urbana,Estadual,-20.547731,-48.572416,false,false,true,true
35022391,3505500,35,SILVESTRE DE LIMA CORONEL,Urbana,Estadual,-20.556295,-48.583434,false,false,true,true
35022421,3517406,35,DALVA LELLIS GARCIA PRADO PROFA,Urbana,Estadual,-20.325683,-48.326297,false,false,true,true
35022433,3517406,35,ZEZINHO PORTUGAL,Urbana,Estadual,-20.324567,-48.314208,false,false,true,true
35022445,3505500,35,AYMORE DO BRASIL PROFESSOR,Urbana,Estadual,-20.548789,-48.563946,false,false,true,false
35022457,3505500,35,MACEDO SOARES EMBAIXADOR,Urbana,Estadual,-20.574105,-48.554972,false,false,true,true
35022469,3505500,35,ANTONIO OLYMPIO DOUTOR,Urbana,Estadual,-20.556966,-48.568358,false,false,true,true
35022500,3553104,35,ANSELMO BISPO DOS SANTOS,Urbana,Estadual,-21.146096,-48.511688,false,false,true,true
35022585,3556800,35,ODULFO DE OLIVEIRA GUIMARAES,Urbana,Estadual,-20.872358,-48.301012,false,false,true,true
35022603,3506102,35,ABILIO MANOEL,Urbana,Estadual,-20.948708,-48.483018,false,false,true,true
35022627,3506102,35,JOSE FRANCISCO PASCHOAL,Urbana,Estadual,-20.954202,-48.474070,false,false,true,true
35022652,3553658,35,ELISIO DE CASTRO DOUTOR,Urbana,Estadual,-21.073497,-48.413740,false,false,true,true
35022697,3531506,35,NENA GIANNASI BUCK PROFESSORA,Urbana,Estadual,-20.901477,-48.645215,false,false,true,true
35022724,3506102,35,PARAISO CAVALCANTI DOUTOR,Urbana,Estadual,-20.955004,-48.485563,false,false,true,true
35022731,3506102,35,GUSTAVO FERNANDO KUHLMANN,Urbana,Estadual,-20.998546,-48.551755,false,false,true,true
35022767,3506102,35,ABILIO ALVES MARQUES,Urbana,Estadual,-20.940307,-48.481532,false,false,true,true
35022925,3505906,35,SILVIO DE ALMEIDA,Urbana,Estadual,-20.898608,-47.594916,false,false,true,true
35022949,3505906,35,WASHINGTON LUIZ DOUTOR,Urbana,Estadual,-20.893649,-47.587373,false,false,true,true
35022962,3505906,35,JOAQUIM ALVES FERREIRA MONSENHOR,Urbana,Estadual,-20.887722,-47.591957,false,true,false,false
35023000,3505906,35,CANDIDO PORTINARI,Urbana,Estadual,-20.885545,-47.589155,false,false,true,true
35023589,3556909,35,SALVADOR GOGLIANO JUNIOR PROF,Urbana,Estadual,-21.175690,-48.630145,false,false,true,true
35023796,3543402,35,FABIO BARRETO,Urbana,Estadual,-21.173031,-47.809725,false,true,false,false
35023848,3543402,35,ANTONIO DIEDERICHSEN,Urbana,Estadual,-21.162860,-47.808440,false,true,false,false
35023851,3543402,35,ALBERTO SANTOS DUMONT,Urbana,Estadual,-21.162890,-47.823297,false,false,true,true
35023875,3543402,35,JOSE LIMA PEDREIRA DE FREITAS PROFESSORA,Urbana,Estadual,-21.185784,-47.832549,false,true,true,false
35023887,3543402,35,WALTER FERREIRA PROFESSOR,Urbana,Estadual,-21.172133,-47.831612,false,false,true,true
35023905,3543402,35,HERMINIA GUGLIANO PROFESSORA,Urbana,Estadual,-21.170810,-47.824640,false,true,false,false
35023917,3543402,35,AMELIA DOS SANTOS MUSA PROFESSORA,Urbana,Estadual,-21.158685,-47.823188,false,false,true,true
35023929,3543402,35,SINHA JUNQUEIRA DONA,Urbana,Estadual,-21.168420,-47.817689,false,true,false,false
35023930,3543402,35,ALCIDES CORREA PROFESSOR,Urbana,Estadual,-21.194984,-47.819648,false,true,true,true
35023942,3543402,35,RUBEN CLAUDIO MOREIRA PROFESSOR,Urbana,Estadual,-21.150053,-47.811652,false,true,true,false
35023954,3543402,35,JOAO AUGUSTO DE MELLO PROFESSOR,Urbana,Estadual,-21.152704,-47.788641,false,false,true,true
35023966,3543402,35,FRANCISCO BONFIM,Urbana,Estadual,-21.146183,-47.816165,false,true,false,false
35023978,3543402,35,ALBERTO JOSE GONCALVES DOM,Urbana,Estadual,-21.158001,-47.800603,false,true,true,true
35024016,3543402,35,FRANCISCO DA CUNHA JUNQUEIRA DOUTOR,Urbana,Estadual,-21.265662,-47.822715,false,true,true,true
35024028,3543402,35,GUIMARAES JUNIOR DOUTOR,Urbana,Estadual,-21.179298,-47.810409,false,false,true,true
35024053,3543402,35,MEIRA JUNIOR DOUTOR,Urbana,Estadual,-21.181440,-47.825782,false,true,true,false
35024089,3543402,35,ALPHEU DOMINIGUETTI PROFESSOR,Urbana,Estadual,-21.183964,-47.754410,false,true,true,true
35024090,3543402,35,CID DE OLIVEIRA LEITE PROFESSOR,Urbana,Estadual,-21.178138,-47.792131,false,false,true,true
35024120,3543402,35,EDGARDO CAJADO DOUTOR,Urbana,Estadual,-21.154869,-47.828347,false,true,true,false
35024156,3543402,35,HELY LOPES MEIRELLES,Urbana,Estadual,-21.166783,-47.803217,false,false,true,false
35024193,3543402,35,JOAO RODRIGUES GUIAO DOUTOR,Urbana,Estadual,-21.175992,-47.792552,false,true,false,false
35028228,3500907,35,OVIDIO DE SOUZA DIAS,Urbana,Estadual,-20.521960,-49.061872,false,false,true,true
35029497,3543402,35,COLEGIO SOL E VIDA EDUCACAO INFANTIL E ENSINO FUNDAMENTAL,Urbana,Privada,-21.190888,-47.817304,true,true,true,false
35035993,3525904,35,DEOLINDA COPELLI DE SOUZA LIMA PROFESSORA,Urbana,Estadual,-23.195109,-46.859685,false,false,true,true
35036006,3525904,35,JOAO BATISTA CURADO PROFESSOR,Urbana,Estadual,-23.172430,-46.870380,false,false,true,true
35036043,3525904,35,VENERANDO NALINI MONSENHOR,Urbana,Estadual,-23.181435,-46.808380,false,false,true,true
35036869,3543402,35,VEIGA DE MIRANDA MINISTRO,Urbana,Estadual,-21.155368,-47.791811,false,true,false,false
35036894,3505500,35,VALOIS SCORTECCI,Urbana,Estadual,-20.551274,-48.586109,false,false,true,false
35037151,3543402,35,GERALDO CORREIA DE CARVALHO DOUTOR,Urbana,Estadual,-21.151003,-47.817008,false,false,true,true
35038349,3516309,35,ROGERIO LEVORIN PROF,Urbana,Estadual,-23.291910,-46.743135,false,false,true,true
35039962,3525904,35,ADIB MIGUEL HADDAD,Urbana,Estadual,-23.248300,-46.854321,false,false,true,true
35039974,3525904,35,ALBINO MELO DE OLIVEIRA PROFESSOR,Urbana,Estadual,-23.145050,-46.937829,false,false,true,false
35040885,3525904,35,JOCENY VILLELA CURADO PROFESSORA,Urbana,Estadual,-23.223693,-46.884650,false,false,true,true
35041531,3543402,35,JENNY DE TOLEDO PIZA SCHROEDER PROFESSORA,Urbana,Estadual,-21.135253,-47.815083,false,false,true,true
35041853,3516309,35,AFONSO MORENO,Urbana,Estadual,-23.277395,-46.751059,false,false,true,true
35042705,3525904,35,MARIA JOSE MAIA DE TOLEDO PROFA,Urbana,Estadual,-23.176912,-46.866892,false,false,true,true
35042870,3543402,35,RAFAEL LEME FRANCO PROFESSOR,Urbana,Estadual,-21.166536,-47.833144,false,false,true,true
35042882,3543402,35,ROMUALDO MONTEIRO DE BARROS PROFESSOR,Urbana,Estadual,-21.145019,-47.796640,false,true,true,false
35043539,3525904,35,OROZIMBO SOSTENA PROFESSOR,Urbana,Estadual,-23.213823,-46.868250,false,false,true,true
35043552,3506102,35,JOAO DOMINGOS MADEIRA PROFESSOR,Urbana,Estadual,-20.927827,-48.496494,false,false,true,true
35044600,3506102,35,OSWALDO SCHIAVON,Urbana,Estadual,-20.950304,-48.463786,false,false,true,true
35044647,3543402,35,ORLANDO VITALIANO VEREADOR,Urbana,Estadual,-21.124236,-47.782239,false,true,true,false
35044660,3543402,35,DOMINGOS JOAO BAPTISTA SPINELLI PROFESSOR DOUTOR,Urbana,Estadual,-21.111398,-47.792868,false,false,true,true
35044957,3516309,35,VINCENZO LOBASSI,Urbana,Estadual,-23.287662,-46.759337,false,false,true,true
35045755,3525904,35,MAURILIO TOMANIK PADRE,Urbana,Estadual,-23.144761,-46.916092,false,false,true,false
35047466,3543402,35,DJANIRA VELHO PROFESSORA,Urbana,Estadual,-21.176493,-47.823656,false,false,true,true
35048297,3525904,35,LUIZ RIVELLI PROFESSOR,Urbana,Estadual,-23.156554,-46.918398,false,false,true,true
35048446,3543402,35,ALBERTO FERRIANI PROFESSOR,Urbana,Estadual,-21.126589,-47.805533,false,true,false,false
35048781,3516309,35,ULYSSES SANCHES RAMIRES PROF,Urbana,Estadual,-23.265415,-46.756064,false,true,true,true
35049566,3505906,35,ANTONIO AUGUSTO LOPES DE OLIVEIRA JUNIOR,Urbana,Estadual,-20.900277,-47.578018,false,false,true,true
35049612,3543402,35,WALTER PAIVA PROFESSOR,Urbana,Estadual,-21.141671,-47.823023,false,true,true,true
35050362,3543402,35,COLEGIO EINSTEIN SEMENTE,Urbana,Privada,-21.195548,-47.815646,true,true,true,false
35050404,3516309,35,JARDIM ALEGRIA II,Urbana,Estadual,-23.285967,-46.708169,false,false,true,true
35062893,3543402,35,ALFEU LUIZ GASPARINI PROFESSOR EMEF,Urbana,Municipal,-21.158701,-47.814977,false,true,true,false
35062900,3543402,35,LUIS AMARAL MOUSINHO DOM EMEF,Urbana,Municipal,-21.170317,-47.803757,false,true,true,false
35062935,3543402,35,NEUZA MICHELUTTI MARZOLA PROFA EMEF,Urbana,Municipal,-21.195701,-47.835353,false,true,true,false
35062984,3543402,35,JOAO GILBERTO SAMPAIO DR EMEF,Urbana,Municipal,-21.139737,-47.797630,false,true,true,false
35063061,3543402,35,ANISIO TEIXEIRA PROF EMEF,Urbana,Municipal,-21.193828,-47.780302,false,true,true,false
35073829,3543402,35,VIRGILIO SALATA EMEF,Urbana,Municipal,-21.150443,-47.829582,false,true,true,false
35076036,3556909,35,IRINEU JULIAO EMEIEF,Urbana,Municipal,-21.171079,-48.627296,false,true,false,false
35076090,3512001,35,ANTONIO DAHER EMEF,Urbana,Municipal,-20.726289,-48.535467,false,true,false,false
35076107,3512001,35,SAO FRANCISCO DE ASSIS ESCOLA TECNICA AGROPECUARIA MUNICIPAL,Rural,Municipal,-20.735885,-48.562028,false,false,true,true
35078992,3512407,35,MARIA NAZARETH STOCCO LORDELLO EMEIEF,Urbana,Municipal,-22.488225,-47.459971,false,true,false,false
35083744,3551900,35,LUIGI VITALE FREI PAULINO EMEF,Urbana,Municipal,-20.809547,-48.812313,false,true,false,false
35085005,3543402,35,RAUL MACHADO PROF EMEF,Urbana,Municipal,-21.205724,-47.795056,false,true,true,false
35088924,3543402,35,SEBASTIAO DE AGUIAR AZEVEDO EMEF,Urbana,Municipal,-21.133142,-47.814614,false,true,false,false
35088936,3543402,35,NELSON MACHADO EMEF,Urbana,Municipal,-21.124516,-47.824050,false,true,true,false
35094195,3512407,35,AMALIA MALHEIRO MOREIRA PROFA EMEF,Urbana,Municipal,-22.474922,-47.455282,false,true,false,false
35096301,3525904,35,ANTONIO DE PADUA GIARETTA EMEB,Urbana,Municipal,-23.173158,-46.878958,false,true,false,false
35098188,3516309,35,ULISSES SILVEIRA GUIMARAES DR ESCOLA MUNICIPAL,Urbana,Municipal,-23.280568,-46.751278,false,true,false,false
35100079,3516309,35,MANOEL CARDOSO COLEGIO,Urbana,Privada,-23.277286,-46.747182,true,true,true,false
35100511,3543402,35,ESCOLA PRO CULTURAL AMARELINHA,Urbana,Privada,-21.163380,-47.793530,true,true,true,false
35113153,3525904,35,ESCOLA SESI HUMBERTO CERESER,Urbana,Privada,-23.171129,-46.862936,false,true,true,true
35113177,3525904,35,SESI 355 CENTRO EDUCACIONAL,Urbana,Privada,-23.167951,-46.903472,false,true,false,false
35113189,3525904,35,ESCOLA SESI VANDERMIR FRANCESCONI JUNIOR,Urbana,Privada,-23.178880,-46.898870,false,false,true,true
35113207,3525904,35,DIVINO SALVADOR COLEGIO,Urbana,Privada,-23.198156,-46.875445,true,true,true,true
35113219,3525904,35,SAO VICENTE DE PAULO COLEGIO,Urbana,Privada,-23.194603,-46.893374,true,true,true,true
35113256,3525904,35,DIVINA PROVIDENCIA ESCOLA,Urbana,Privada,-23.148941,-46.932727,true,true,true,true
35113268,3525904,35,LUIZ ROSA PROFESSOR ESCOLA,Urbana,Privada,-23.186392,-46.887384,false,false,true,true
35113281,3525904,35,PADRE ANCHIETA ESCOLAS,Urbana,Privada,-23.193377,-46.886049,true,true,true,true
35114224,3505500,35,SESI 185 CENTRO EDUCACIONAL,Urbana,Privada,-20.539300,-48.585560,false,true,true,true
35114236,3505500,35,NOMELINI CIRANDINHA COLEGIO,Urbana,Privada,-20.557679,-48.574832,true,true,true,true
35114303,3506102,35,SESI 110 CENTRO EDUCACIONAL,Urbana,Privada,-20.935195,-48.504954,false,true,true,true
35114327,3506102,35,ANJO DA GUARDA COLEGIO,Urbana,Privada,-20.954837,-48.480016,true,true,true,true
35114397,3505906,35,SESI 235 CENTRO EDUCACIONAL,Urbana,Privada,-20.903136,-47.590977,false,true,true,true
35114406,3505906,35,CLARETIANO COLEGIO SAO JOSE,Urbana,Privada,-20.885143,-47.592173,true,true,true,true
35114418,3505906,35,BATATAENSE ASSOCIACAO DE ENSINO FUND MEDIO E PROFISSIONAL,Urbana,Privada,-20.893239,-47.587644,false,true,true,true
35114704,3543402,35,ESCOLA SESI DR ORLANDO OMETTO,Urbana,Privada,-21.147560,-47.836000,false,true,true,true
35114728,3543402,35,SESI 298 CENTRO EDUCACIONAL,Urbana,Privada,-21.190770,-47.777540,false,true,true,true
35114789,3543402,35,SESI 346 CENTRO EDUCACIONAL,Urbana,Privada,-21.138710,-47.815640,false,true,true,true
35114820,3543402,35,MARISTA COLEGIO DE RIBEIRAO PRETO,Urbana,Privada,-21.183065,-47.811858,true,true,true,true
35114832,3543402,35,PEQUENO PRINCIPE COLEGIO,Urbana,Privada,-21.189990,-47.811290,true,true,true,true
35114911,3543402,35,BARAO DE MAUA ESCOLA DE ED INFANTIL FUNDAMENTAL E MEDIO,Urbana,Privada,-21.182870,-47.797370,true,true,true,true
35114923,3543402,35,BRASIL COLEGIO,Urbana,Privada,-21.179345,-47.806803,false,true,true,true
35114960,3543402,35,COLEGIO SANTA URSULA DE RIBEIRAO PRETO,Urbana,Privada,-21.209986,-47.808124,true,true,true,true
35114996,3543402,35,NOSSA SENHORA AUXILIADORA COLEGIO,Urbana,Privada,-21.176596,-47.805946,true,true,true,true
35115009,3543402,35,ESCOLA SEB UNIDADE RIBEIRANIA,Urbana,Privada,-21.204210,-47.792065,false,false,true,true
35115010,3543402,35,VITA ET PAX COLEGIO PRE PG UNIDADE I,Urbana,Privada,-21.171235,-47.866504,true,true,true,false
35115022,3543402,35,ADVENTISTA DE RIBEIRO PRETO COLEGIO,Urbana,Privada,-21.151430,-47.795180,true,true,true,true
35115046,3543402,35,CASTELO ESCOLA EDUCACAO INFANTIL E ENSINO FUNDAMENTAL,Urbana,Privada,-21.181477,-47.794499,true,true,true,true
35115083,3543402,35,COLEGIO RESSURREICAO RIBEIRAO PRETO,Urbana,Privada,-21.191019,-47.761669,true,true,true,true
35118527,3543402,35,LACORDAIRE SANT ANNA EDUCACAO BASICA,Urbana,Privada,-21.158577,-47.792805,true,true,true,false
35118540,3543402,35,ESPACO CULTURAL COLEGIO,Urbana,Privada,-21.222740,-47.766030,true,true,true,true
35119520,3516309,35,SOBEN CENTRO EDUCACIONAL,Urbana,Privada,-23.277963,-46.744641,true,true,true,true
35120595,3505906,35,SOCIEDADE DE ENSINO FUNDAMENTAL DE BATATAIS LTDAEPP,Urbana,Privada,-20.891941,-47.586871,true,true,true,false
35121733,3543402,35,IAVEC VIDA DE ENSINO CRISTAO INSTITUTO AVANCADO,Urbana,Privada,-21.178340,-47.797730,true,true,true,true
35122506,3525904,35,COLEGIO FUTURA,Urbana,Privada,-23.225607,-46.861593,false,true,true,true
35122609,3525904,35,NOVOS CAMINHOS CENTRO DE ED INFANTIL E ENSINO FUNDAMENTAL,Urbana,Privada,-23.182319,-46.989099,true,true,true,false
35123250,3543402,35,ARTE DO MUSEU ESCOLA DE EDUCACO INFANTIL E FUNDAMENTAL,Urbana,Privada,-21.201430,-47.801040,true,true,false,false
35123262,3543402,35,ESCOLA MIRO DE EDUCACAO INFANTIL ENSINO FUNDAMENTAL E MEDIO,Urbana,Privada,-21.215257,-47.819268,true,true,true,false
35123274,3543402,35,MONTEIRO LOBATO COLEGIO,Urbana,Privada,-21.177567,-47.783319,true,true,false,false
35123341,3543402,35,LEV VIGOTSKY ATENEU,Urbana,Privada,-21.163520,-47.825784,false,true,true,false
35123596,3525904,35,PAULO FREIRE COLEGIO,Urbana,Privada,-23.146092,-46.908730,true,true,true,true
35123687,3505906,35,ESCOLA DE EDUCACAO INFANTIL E ENSINO FUNDAMENTAL PEQUENO PRINCIPE LTDA ME,Urbana,Privada,-20.889906,-47.584033,true,true,false,false
35123959,3525904,35,COLEGIO LIP,Urbana,Privada,-23.166236,-46.858496,true,true,false,false
35126056,3516309,35,ESCALADA COLEGIO,Urbana,Privada,-23.275225,-46.739657,true,true,true,true
35126354,3543402,35,ALBERT SABIN ESCOLA DE EDUCACAO INFANTIL E PG,Urbana,Privada,-21.228494,-47.833604,true,true,true,false
35126559,3505906,35,CRESCER CENTRO DE DESENV RECREACAO E ORIENT INFANTIL JUVENIL,Urbana,Privada,-20.888314,-47.598174,true,true,true,true
35127814,3506102,35,JARDIM SOUZA LIMA DO,Urbana,Estadual,-20.929959,-48.474707,false,false,true,true
35128569,3543402,35,UNINFANCIA CENTRO EDUCACIONAL,Urbana,Privada,-21.193440,-47.819240,true,true,false,false
35128570,3543402,35,MONTE SINAI ESCOLA DE ENSINO FUNDAMENTAL,Urbana,Privada,-21.116620,-47.799960,false,true,true,false
35130588,3525904,35,LA FONTAINE ESCOLA EDUCACAO INFANTIL E FUNDAMENTAL,Urbana,Privada,-23.178780,-46.892629,true,true,true,true
35130898,3543402,35,ANCHIETA COLEGIO,Urbana,Privada,-21.207400,-47.800760,true,true,true,true
35133863,3525904,35,ANTONIO CINTRA GORDINHO ESCOLA,Urbana,Privada,-23.180352,-46.967590,true,true,true,true
35136050,3525904,35,LEONARDO DA VINCI COLEGIO DE ENSINO FUNDAMENTAL E MEDIO,Urbana,Privada,-23.178625,-46.895321,false,false,true,true
35137259,3506102,35,EDUCANDARIO SANTO ANTONIO ESCOLA DE ENSINO FUNDAMENTAL MEDIO,Urbana,Privada,-20.959762,-48.474315,true,true,true,false
35137832,3505906,35,EMEB PROFESSORA ESTHER VIANNA BOLOGNA,Urbana,Municipal,-20.916877,-47.574601,false,true,true,false
35140430,3543402,35,ESCOLA SEB UNIDADE PORTUGAL,Urbana,Privada,-21.201039,-47.797124,true,true,true,false
35140442,3543402,35,WALDORF JOAO GUIMARAES ROSA ESCOLA,Urbana,Privada,-21.214760,-47.775990,true,true,true,true
35140648,3525904,35,SER COLEGIO,Urbana,Privada,-23.139906,-46.911873,true,true,true,true
35141100,3506102,35,ESPACO LIVRE ESCOLA DE ED INFANTIL ENS FUNDAMENTAL ENS MEDIO,Urbana,Privada,-20.939230,-48.465157,true,true,true,true
35141537,3543402,35,ITAMARATI COLEGIO,Urbana,Privada,-21.208230,-47.799190,true,true,true,true
35142487,3531506,35,COLEGIO ALTERNATIVO DE EDUCACAO INFANTIL ENSINO FUNDAMENTAL,Urbana,Privada,-20.904313,-48.636805,true,true,true,false
35142815,3517406,35,IRUM CURUMIM ESCOLA DE EDUCACAO BASICA EDUCACAO PROFISSIONAL,Urbana,Privada,-20.326215,-48.311105,true,true,true,true
35142827,3505500,35,COLEGIO BARRETOS,Urbana,Privada,-20.553030,-48.563240,true,true,true,true
35142839,3505500,35,CARLOS DRUMOND DE ANDRADE COLEGIO,Urbana,Privada,-20.536524,-48.574710,false,false,true,true
35142852,3525904,35,CRISTA JUNDIAI ESCOLA,Urbana,Privada,-23.178622,-46.907598,true,true,true,false
35142924,3506102,35,PAIDEIA ESCOLA DE EDUCACAO INFANTIL E ENSINO FUNDAMENTAL,Urbana,Privada,-20.944620,-48.487847,true,true,true,false
35142955,3543402,35,BENTO BENEDINI COLEGIO,Urbana,Privada,-21.195340,-47.808330,true,true,true,false
35145063,3516309,35,APAE DE FRANCISCO MORATO ESCOLA DE EDUC ESPECIAL,Urbana,Privada,-23.278099,-46.743737,false,true,false,false
35145543,3505500,35,APAE DE BARRETOS,Urbana,Privada,-20.534613,-48.576076,false,true,true,false
35145555,3517406,35,APAE DE GUAIRA,Urbana,Privada,-20.313798,-48.316491,false,true,false,false
35145567,3506102,35,ASSOCIACAO DE PAIS E AMIGOS DOS EXCEPCIONAIS APAE,Urbana,Privada,-20.959527,-48.473251,false,true,false,false
35145579,3505906,35,APAE DE BATATAIS,Urbana,Privada,-20.901480,-47.592330,true,true,false,false
35145610,3543402,35,ESCOLA DE EDUCACAO ESPECIAL PROFESSORA MARIA APARECIDA FERREIRA COLOMBO APAERP,Urbana,Privada,-21.207003,-47.779121,false,true,false,false
35146195,3512407,35,CORDEIROPOLIS ESCOLA DE EDUCACAO ESPECIAL,Urbana,Privada,-22.475033,-47.459772,false,true,false,false
35146390,3525904,35,IGNEZ APARECIDA OLIVEIRA E SILVA ENFELDT PROFA EEE,Urbana,Privada,-23.201329,-46.875186,false,true,true,false
35146572,3531506,35,APAE DE MONTE AZUL PAULISTA ESCOLA EDUCACAO ESPECIAL,Urbana,Privada,-20.893435,-48.635968,false,true,false,false
35146870,3512001,35,APAE DE COLINA,Urbana,Privada,-20.705431,-48.532419,false,true,false,false
35149743,3556800,35,APAE DE VIRADOURO EEE,Urbana,Privada,-20.863028,-48.286524,false,true,true,false
35150307,3525904,35,ADVENTISTA DE JUNDIAI ESCOLA,Urbana,Privada,-23.205692,-46.855336,true,true,true,true
35150435,3525904,35,COLEGIO APICE,Urbana,Privada,-23.188044,-46.888903,true,true,true,true
35150484,3505500,35,COLEGIO E ESCOLA TECNICA DA FUNDACAO,Urbana,Privada,-20.575485,-48.562320,false,false,true,true
35151270,3543402,35,CONTEMPORANEO LICEU,Urbana,Privada,-21.166439,-47.820461,true,true,true,false
35153205,3556800,35,HORIZONTE COLEGIO,Urbana,Privada,-20.874687,-48.295098,true,true,true,true
35158380,3543402,35,SEMENTINHA BASSANO VACCARINI COLEGIO,Urbana,Privada,-21.191614,-47.787327,true,true,true,false
35160829,3506102,35,CONVIVIO ESCOLA DE ENSINO FUNDAMENTAL,Urbana,Privada,-20.961523,-48.475055,true,true,true,false
35160921,3543402,35,CAMILLO DE MATTOS COLEGIO,Urbana,Privada,-21.166400,-47.787210,true,true,true,false
35164859,3506102,35,ESCOLA DE ED INFANTIL E ENSINO FUNDAMENTAL LARANJINHA,Urbana,Privada,-20.950504,-48.485229,true,true,false,false
35164963,3543402,35,KINDERSPIEL COLEGIO,Urbana,Privada,-21.166780,-47.800350,true,true,false,false
35164975,3543402,35,TERNURINHA SINAPSE COLEGIO,Urbana,Privada,-21.205470,-47.798160,true,true,false,false
35165141,3556800,35,EDUCACIONAL DE VIRADOURO COLEGIO,Urbana,Privada,-20.862099,-48.295102,true,true,true,true
35165190,3543402,35,OBJETIVO CENTRO INTERESCOLAR UNIDADE XXVII,Urbana,Privada,-21.218325,-47.819290,false,false,true,true
35165451,3525904,35,COLEGIO MEMORIAL,Urbana,Privada,-23.183543,-46.876068,true,true,true,true
35167046,3517406,35,SANTA LUZ CENTRO EDUCACAO,Urbana,Privada,-20.318416,-48.309204,true,true,true,true
35167940,3543402,35,INTERATIVA ESCOLA DE ENSINO FUNDAMENTAL,Urbana,Privada,-21.187262,-47.815425,true,true,true,false
35168993,3543402,35,VIKTOR FRANKL COLEGIO,Urbana,Privada,-21.175433,-47.830283,true,true,true,false
35169377,3543402,35,RENOVADO CRISTAO CENTRO DE ENSINO INTEGRAL,Urbana,Privada,-21.151223,-47.830445,true,true,true,false
35173939,3512001,35,CECILIA MEIRELES COLEGIO,Urbana,Privada,-20.707097,-48.534714,true,true,true,false
35174488,3543402,35,CECILIA MEIRELES COLEGIO,Urbana,Privada,-21.181030,-47.789260,true,true,false,false
35175420,3525904,35,CRESCER DE JUNDIAI COLEGIO,Urbana,Privada,-23.188230,-46.879983,true,true,true,true
35179103,3525904,35,DOMUS SAPIENS COLEGIO UNIDADE I,Urbana,Privada,-23.206185,-46.869851,false,true,true,true
35184846,3543402,35,ALVORADA COLEGIO,Urbana,Privada,-21.160580,-47.829340,true,true,false,false
35185361,3543402,35,TERRA CIRANDINHA COLEGIO,Urbana,Privada,-21.187719,-47.827813,true,true,true,false
35186041,3543402,35,PINHEIRINHO COLEGIO EDUCACAO INFANTIL ENSINO FUNDAMENTAL,Urbana,Privada,-21.136299,-47.827247,true,true,true,false
35186442,3543402,35,COLEGIO BATISTA INDEPENDENTE DE RIBEIRAO PRETO,Urbana,Privada,-21.166610,-47.792590,true,true,true,true
35190536,3505500,35,AMA ASSOCIACAO DOS AMIGOS DO AUTISTA DE BARRETOS,Urbana,Privada,-20.580268,-48.577809,false,true,true,false
35190731,3543402,35,ASSOCIACAO DE AMIGOS DO AUTISTA,Urbana,Privada,-21.194866,-47.818127,false,true,false,false
35190743,3553104,35,EEIEF PROFESSORA CARMEM TADEU CASTRO SCABINI,Urbana,Privada,-21.145225,-48.514102,false,true,false,false
35190937,3517901,35,APAE DE GUARACI ESCOLA DE EDUCACAO ESPECIAL,Urbana,Privada,-20.498291,-48.943279,false,true,false,false
35192995,3506102,35,OCTAVIO GUIMARAES DE TOLEDO PROF EMEB,Urbana,Municipal,-20.938446,-48.505989,false,true,false,false
35193884,3543402,35,SATHYA SAI DE RIBEIRAO PRETO ESCOLA,Urbana,Privada,-21.134640,-47.746440,true,true,false,false
35194153,3525904,35,NASSIB CURY PROFESSOR EMEB,Urbana,Municipal,-23.171105,-46.965721,false,true,false,false
35201455,3543402,35,JOSE DELIBO VEREADOR EMEF,Urbana,Municipal,-21.184605,-47.776823,false,true,true,false
35202307,3543402,35,JARBAS MASSULLO PROF EMEF,Urbana,Municipal,-21.184385,-47.739515,false,true,true,false
35202319,3543402,35,JOSE RODINI LUIZ PROF EMEF,Urbana,Municipal,-21.178751,-47.763552,false,true,true,false
35202356,3543402,35,EDUARDO ROMUALDO DE SOUZA PROF EMEF,Urbana,Municipal,-21.187602,-47.832795,false,true,true,false
35204894,3512407,35,JORGE FERNANDES PROF EMEIEF,Rural,Municipal,-22.470320,-47.420701,true,true,false,false
35205539,3543402,35,ALCINA DOS SANTOS HECK EMEF,Urbana,Municipal,-21.122583,-47.769559,false,true,true,false
35205540,3543402,35,EPONINA DE BRITTO ROSSETTO PROFA EMEF,Urbana,Municipal,-21.186230,-47.725580,false,true,true,false
35205597,3543402,35,ANTONIO PALOCCI EMEF,Urbana,Municipal,-21.134942,-47.826372,false,true,true,false
35206261,3505500,35,ANALIA FRANCO EM,Urbana,Municipal,-20.560088,-48.562035,false,true,false,false
35206283,3505500,35,LEODETE SILVERIO JOI EM,Urbana,Municipal,-20.542907,-48.562946,false,true,false,false
35206295,3505500,35,CHRISTIANO CARVALHO EM,Urbana,Municipal,-20.570203,-48.557249,false,true,false,false
35206337,3505500,35,LUIZA PARASSU BORGES EM,Urbana,Municipal,-20.555992,-48.577701,false,true,false,false
35206349,3505500,35,JOAO FERREIRA LOPES DR EM,Urbana,Municipal,-20.572351,-48.569968,false,true,false,false
35206362,3505500,35,MATILDE GITAY DE MELLO EM,Urbana,Municipal,-20.547564,-48.566082,true,true,false,false
35206374,3505500,35,ORIVAL LEITE DE MATOS EM,Urbana,Municipal,-20.545427,-48.551620,false,true,false,false
35206386,3505500,35,ROTARY CLUB DA VILA MARILIA EM,Urbana,Municipal,-20.550651,-48.585036,false,true,false,false
35206404,3505500,35,MARIA ALVES BARCELLOS DE OLIVEIRA PROFA EM,Urbana,Municipal,-20.548873,-48.597936,false,true,false,false
35206436,3543402,35,HONORATO DE LUCCA PROF EMEF,Urbana,Municipal,-21.129510,-47.771810,false,true,true,false
35206593,3525904,35,FLAVIO DANGIERI PROF EMEB,Urbana,Municipal,-23.186692,-46.895577,false,true,false,false
35207100,3525904,35,CESARINA FORTAREL GONCALVES DIAS PROFA EMEB,Urbana,Municipal,-23.212861,-46.883868,false,true,false,false
35207111,3525904,35,GERALDA BERTHOLA FACCA PROFA EMEB,Urbana,Municipal,-23.217488,-46.862425,false,true,false,false
35207123,3525904,35,ANTONIO LOUREIRO EMEB,Urbana,Municipal,-23.209869,-46.882443,false,true,false,false
35207135,3525904,35,ANTONINO MESSINA EMEB,Urbana,Municipal,-23.206904,-46.887306,false,true,false,false
35207147,3525904,35,JOSE ROMEIRO PEREIRA DR EMEB,Urbana,Municipal,-23.191975,-46.876851,true,true,false,false
35207160,3525904,35,LAZARO MIRANDA DUARTE PROF EMEB,Urbana,Municipal,-23.216758,-46.885844,false,true,false,false
35207172,3525904,35,GLORIA DA SILVA ROCHA GENOVESE PROFA EMEB,Urbana,Municipal,-23.205817,-46.853931,false,true,false,false
35207184,3525904,35,LUIZ BIELA DE SOUZA PROF EMEB,Urbana,Municipal,-23.248166,-46.860150,true,true,false,false
35207196,3525904,35,RUTE MIRANDA DUARTE SIRILO PROFA EMEB,Rural,Municipal,-23.262994,-46.882496,true,true,false,false
35207202,3525904,35,JOSE LEME DO PRADO FILHO PROF EMEB,Urbana,Municipal,-23.212963,-46.870784,true,true,false,false
35207214,3525904,35,APARECIDO GARCIA EMEB,Urbana,Municipal,-23.231289,-46.882611,false,true,false,false
35207248,3525904,35,ANNA RITA ALVES LUDKE PROFA EMEB,Urbana,Municipal,-23.185206,-46.911575,false,true,false,false
35207251,3525904,35,PEDRO DE OLIVEIRA EMEB,Urbana,Municipal,-23.183024,-46.874652,false,true,false,false
35207263,3525904,35,MARCOS GASPARIAN EMEB,Urbana,Municipal,-23.186683,-46.888631,false,true,false,false
35207275,3525904,35,JOAQUIM CANDELARIO DE FREITAS PROF EMEB,Urbana,Municipal,-23.172540,-46.903070,true,true,false,false
35207287,3525904,35,MELANIA FORTAREL BARBOSA PROFA EMEB,Rural,Municipal,-23.134421,-46.973909,true,true,false,false
35207299,3525904,35,ISABEL CHRISTINA MARQUES DE OLIVEIRA PROFA EMEB,Urbana,Municipal,-23.178870,-46.925420,false,true,false,false
35207305,3525904,35,ARMANDA SANTINA POLENTI PROFA EMEB,Urbana,Municipal,-23.148619,-46.871667,false,true,false,false
35207317,3525904,35,FLORIDA MESTAG IRMA EMEB,Rural,Municipal,-23.116283,-46.857623,true,true,false,false
35207329,3525904,35,HERMENEGILDO MARTINELLI EMEB COM,Urbana,Municipal,-23.153706,-46.835572,false,true,false,false
35207330,3525904,35,AMERICO MENDES EMEB,Rural,Municipal,-23.121812,-46.946367,false,true,false,false
35207354,3525904,35,ANTONIO ADELINO MARQUES DA SILVA BRANDAO PROF EMEB,Urbana,Municipal,-23.137350,-46.928070,false,true,false,false
35210274,3525904,35,ODILA RICHTER PROFA EMEB,Rural,Municipal,-23.126804,-47.000638,true,true,false,false
35210286,3525904,35,OSCAR AUGUSTO GUELLI PROF EMEB,Rural,Municipal,-23.142792,-46.818741,true,true,false,false
35210845,3505906,35,EMEB DO CAIC PROFESSOR GILBERTO DALLA VECCHIA,Urbana,Municipal,-20.904176,-47.593528,true,true,false,false
35211291,3505906,35,EMEB JOSE BRAGA MORATO,Urbana,Municipal,-20.911937,-47.582462,false,true,false,false
35212842,3543402,35,ELISA DUBOC GARCIA PROFA EMEF,Urbana,Municipal,-21.214335,-47.825513,false,true,true,false
35212854,3543402,35,MARIA IGNEZ LOPES ROSSI PROFA EMEF,Urbana,Municipal,-21.214923,-47.768189,false,true,true,false
35215533,3517901,35,ANTONIO ZUQUIM EMEF,Urbana,Municipal,-20.497006,-48.946566,false,true,false,false
35218042,3531506,35,AURELIANO JUNQUEIRA FRANCO CEL EMEF,Urbana,Municipal,-20.905441,-48.646425,false,true,false,false
35220462,3543402,35,DOMINGOS ANGERAMI PROF DR EMEF,Urbana,Municipal,-21.134395,-47.753642,false,true,true,false
35226828,3506102,35,CONRADO CALDEIRA CEL ESCOLA MUNICIPAL EDUCACAO BASICA,Urbana,Municipal,-20.944988,-48.478709,false,true,false,false
35228588,3556800,35,SANDOVAL JOSE DE ALMEIDA DOUTOR EMEF,Urbana,Municipal,-20.872847,-48.299892,false,true,false,false
35228597,3556800,35,SEBASTIAO FERNANDES BALIEIRO EMEF,Urbana,Municipal,-20.861192,-48.287749,false,true,false,false
35230388,3543402,35,SALVADOR MARTURANO PROF EMEF,Urbana,Municipal,-21.196636,-47.842317,false,true,false,false
35230777,3551900,35,JOSE SEVERINO DE ALMEIDA EM,Urbana,Municipal,-20.809286,-48.803645,false,true,false,false
35230789,3551900,35,JOAO CAMACHO EM,Urbana,Municipal,-20.804845,-48.810913,false,true,false,false
35233328,3543402,35,DERCY CELIA SEIXAS FERRARI PROFA EMEF,Urbana,Municipal,-21.188520,-47.739880,false,true,true,false
35234667,3505500,35,DOROTHOVIO DO NASCIMENTO PROF EM,Urbana,Municipal,-20.529162,-48.556867,false,true,false,false
35234679,3505500,35,GIUSEPPE CARNIMEO PROF EM,Urbana,Municipal,-20.529253,-48.554660,false,false,true,false
35239616,3505500,35,OLGA ABI RACHID MORAES PROFA EM,Urbana,Municipal,-20.580480,-48.559582,true,true,false,false
35239773,3500907,35,MARIA BAPTISTA DE CASTRO PROFESSORA EMEF,Urbana,Municipal,-20.526851,-49.062880,false,true,false,false
35239872,3505906,35,EMEB PROFESSORA ALZIRA ACRA DE ALMEIDA,Urbana,Municipal,-20.893638,-47.576151,true,true,false,false
35239884,3505906,35,EMEB PROFESSORA CELIA BUENO CAVALCANTI DE ALBUQUERQUE,Urbana,Municipal,-20.891477,-47.596423,true,true,false,false
35239896,3505906,35,EMEB PADRE BENITO DE URIARTE ERBASTRAIN,Urbana,Municipal,-20.884858,-47.574296,true,true,false,false
35239902,3506102,35,AUGUSTO VIEIRA DR EMEF,Urbana,Municipal,-20.946162,-48.467072,false,true,false,false
35239914,3506102,35,JOAO PEREIRA PINHO EMEB,Urbana,Municipal,-20.965435,-48.472085,false,true,false,false
35240333,3525904,35,CARLOS FOOT GUIMARAES PROF EMEB,Urbana,Municipal,-23.254922,-46.859469,false,true,false,false
35240369,3525904,35,RANIERI MAZZILLI DEPUTADO EMEB,Urbana,Municipal,-23.221812,-46.855321,false,true,false,false
35240370,3525904,35,URSULA GHERELO IRMA EMEB,Urbana,Municipal,-23.184264,-46.951794,true,true,false,false
35240394,3525904,35,JOAO LUIZ DE CAMPOS PROF EMEB,Urbana,Municipal,-23.165451,-46.898685,false,true,false,false
35240473,3525904,35,PEDRO CLARISMUNDO FORNARI PROF EMEB,Rural,Municipal,-23.110519,-46.886996,false,true,false,false
35241167,3551900,35,ESMERALDA DUARTE DA SILVA EM,Urbana,Municipal,-20.803354,-48.803543,false,false,true,false
35243218,3543402,35,PAULO FREIRE PROF EMEF,Urbana,Municipal,-21.114384,-47.812610,false,true,true,false
35243292,3505500,35,ZULEICA INACIO LOPES FERRAZ PROFA EM,Urbana,Municipal,-20.439700,-48.552316,true,true,false,false
35245045,3506102,35,STELIO MACHADO LOUREIRO PROF EMEB,Urbana,Municipal,-20.948975,-48.487097,true,true,false,false
35245057,3506102,35,ESCOLA MUNICIPAL DE EDUCACAO BASICA ALFREDO NAIME,Urbana,Municipal,-21.053782,-48.475691,true,true,false,false
35245070,3531506,35,ALZIRA DE FREITAS CASSEB PROFA EMEF,Urbana,Municipal,-20.919818,-48.637321,false,true,true,false
35245082,3531506,35,MANOEL RODRIGUES VILLARINHO FILHO EMEB,Urbana,Municipal,-20.881216,-48.714720,true,true,true,false
35245094,3553104,35,WILSON ANTONIO GONCALVES EMEB,Urbana,Municipal,-21.143914,-48.508322,false,true,false,false
35246700,3525904,35,JUDITH ALMEIDA CURADO ARRUDA PROFA EMEB,Urbana,Municipal,-23.191950,-46.843949,false,true,false,false
35248236,3525904,35,FABIO RODRIGUES MENDES PROF EMEB,Urbana,Municipal,-23.151127,-46.925821,true,true,false,false
35259317,3525904,35,TABLEAU COLEGIO,Urbana,Privada,-23.181710,-46.889259,false,false,true,true
35265159,3525904,35,GLOBAL COLEGIO,Urbana,Privada,-23.191518,-46.879933,false,true,true,true
35268458,3543402,35,COLEGIO CONCEPCAO CRIANCA E CIA,Urbana,Privada,-21.188259,-47.788679,true,true,false,false
35270040,3543402,35,GERALDA DE SOUZA ESPIN EMEF,Urbana,Municipal,-21.131625,-47.743692,false,true,true,false
35270118,3525904,35,GERALDO PINTO DUARTE PAES EMEB,Urbana,Municipal,-23.189573,-46.961832,true,true,false,false
35270684,3505500,35,MARLENE CARBONI PEREIRA PROFA EM,Urbana,Municipal,-20.579284,-48.543381,false,true,false,false
35270696,3505500,35,SAO FRANCISCO EM,Urbana,Municipal,-20.548863,-48.598755,false,false,true,false
35272759,3505500,35,LUIZ CASTANHO FILHO PROF EM,Urbana,Municipal,-20.542661,-48.589238,false,true,false,false
35275803,3543402,35,PAULO MONTE SERRAT FILHO PROF DR EMEF,Urbana,Municipal,-21.160701,-47.738976,false,true,true,false
35275931,3543402,35,JAIME MONTEIRO DE BARROS PROF EMEF,Urbana,Municipal,-21.139748,-47.763638,false,true,true,false
35276698,3516309,35,ANISIO SPINOLA TEIXEIRA ESCOLA MUNICIPAL,Urbana,Municipal,-23.262330,-46.743973,false,true,false,false
35276704,3516309,35,EGON SCHADEN PROF ESCOLA MUNICIPAL,Urbana,Municipal,-23.290050,-46.729889,false,true,false,false
35276716,3516309,35,FANNY GOLDBERG ESCOLA MUNICIPAL,Urbana,Municipal,-23.274893,-46.739420,false,true,false,false
35276728,3516309,35,FRANCISCO MORATO DR ESCOLA MUNICIPAL,Urbana,Municipal,-23.279868,-46.746384,false,true,false,false
35276741,3516309,35,CORA CORALINA ESCOLA MUNICIPAL,Urbana,Municipal,-23.282587,-46.722633,true,true,false,false
35276753,3516309,35,PAULO FREIRE ESCOLA MUNICIPAL,Urbana,Municipal,-23.269484,-46.730381,false,true,false,false
35276765,3516309,35,JOSE BEZERRA SANCHES PREFEITO ESCOLA MUNICIPAL,Urbana,Municipal,-23.291599,-46.751761,false,true,false,false
35276777,3516309,35,LAIRCE DOS SANTOS LUPIANHA PROFA ESCOLA MUNICIPAL,Urbana,Municipal,-23.281030,-46.746408,false,true,false,false
35276789,3516309,35,ROBERTO BRANDINI BRIGADEIRO ESCOLA MUNICIPAL,Urbana,Municipal,-23.301997,-46.735858,false,true,false,false
35276790,3516309,35,VANDA TERESINHA NALIN PROFA ESCOLA MUNICIPAL,Urbana,Municipal,-23.283424,-46.735479,false,true,false,false
35276807,3516309,35,TANIA FERNANDES PROFA ESCOLA MUNICIPAL,Urbana,Municipal,-23.294571,-46.749700,false,true,false,false
35276881,3512001,35,ANANIAS DO NASCIMENTO EMEF,Urbana,Municipal,-20.731627,-48.551154,false,true,false,false
35276900,3512001,35,HENRIQUE ERNESTO PARO EMEF,Urbana,Municipal,-20.722553,-48.528317,false,true,false,false
35276911,3512001,35,SUZEL POLIZELLI MILANI PROFA EMEF,Urbana,Municipal,-20.711771,-48.525945,false,true,false,false
35276923,3517406,35,FRANCISCO GOMES DE SOUZA EMEF,Urbana,Municipal,-20.318909,-48.313793,false,true,false,false
35276947,3517406,35,MARIO LANO PADRE EMEF,Urbana,Municipal,-20.327406,-48.328256,false,true,false,false
35276959,3517406,35,VICENCINA APARECIDA VACCARO MORSOLETO PROFA EMEF,Urbana,Municipal,-20.327782,-48.312365,false,true,false,false
35279213,3525904,35,IVO DE BONA EMEB,Urbana,Municipal,-23.146286,-46.998056,false,true,false,false
35280082,3556800,35,MILTON MARCAL SILVEIRA EMEF,Urbana,Municipal,-20.863280,-48.289904,false,false,true,false
35282169,3512407,35,GERALDO APPARECIDO ROCHA PROF EMEF,Urbana,Municipal,-22.470793,-47.474227,false,true,false,false
35282170,3512407,35,MARIA APARECIDA PAGOTO MORAES PROFA EMEF,Urbana,Municipal,-22.483368,-47.475513,false,true,false,false
35283691,3506102,35,EMEB PROFESSOR LELLIS DO AMARAL CAMPOS,Urbana,Municipal,-20.935408,-48.461401,true,true,false,false
35283733,3516309,35,ISABEL LUPIANHES ROMERA RYAN ESCOLA MUNICIPAL,Urbana,Municipal,-23.275934,-46.720789,false,true,false,false
35283745,3516309,35,HOSUE MORITA AOKI PROFA ESCOLA MUNICIPAL,Urbana,Municipal,-23.268187,-46.748843,false,true,false,false
35288287,3543402,35,ESPACO MIRO EDUCACAO INFANTIL E FUNDAMENTAL,Urbana,Privada,-21.215289,-47.819333,true,true,false,false
35288408,3516309,35,CHACARA CAMPONESA JARDIM VASSOURAS,Urbana,Estadual,-23.280070,-46.729776,false,false,true,true
35291024,3525904,35,CARROSSEL COLEGIO,Urbana,Privada,-23.187031,-46.870487,true,true,true,false
35291122,3525904,35,CRER COLEGIO,Urbana,Privada,-23.182564,-46.959673,false,true,true,true
35291134,3525904,35,PASSOS COLEGIO,Urbana,Privada,-23.173328,-46.903458,true,true,true,false
35291493,3543402,35,GENESIS COLEGIO,Urbana,Privada,-21.127660,-47.814810,true,true,true,false
35291948,3512001,35,JOSE VENANCIO DIAS CORONEL EMEF,Urbana,Municipal,-20.714336,-48.538481,false,true,false,false
35295103,3543402,35,COLEGIO APOTEOSE,Urbana,Privada,-21.194380,-47.747240,true,true,true,true
35295668,3516309,35,CARLOS DRUMMOND DE ANDRADE ESCOLA MUNICIPAL,Urbana,Municipal,-23.259571,-46.741779,false,true,false,false
35295673,3516309,35,ERICO VERISSIMO ESCOLA MUNICIPAL,Urbana,Municipal,-23.280978,-46.734262,true,true,false,false
35295784,3543402,35,IDEAL COLEGIO,Urbana,Privada,-21.198520,-47.788350,true,true,true,true
35296478,3525904,35,DEGRAUS COLEGIO,Urbana,Privada,-23.189898,-46.959902,true,true,true,true
35296570,3543402,35,CRER E VENCER COLEGIO,Urbana,Privada,-21.163508,-47.809694,true,true,false,false
35297483,3543402,35,VIVINFANCIA COLEGIO,Urbana,Privada,-21.188531,-47.808307,true,true,false,false
35298025,3506102,35,EMEB PROFESSOR PAULO REZENDE TORRES DE ALBUQUERQUE,Urbana,Municipal,-20.931183,-48.473936,true,true,false,false
35298682,3517901,35,MERCIA JULIA BARBOSA VELHO PROFA EMEB,Urbana,Municipal,-20.498458,-48.945384,false,false,true,false
35299121,3543402,35,J MANIEZO COLEGIO,Urbana,Privada,-21.115963,-47.791219,true,true,true,false
35301504,3543402,35,MARIA INES VIEIRA MACHADO EMEF,Urbana,Municipal,-21.132320,-47.737720,false,true,false,false
35301516,3517406,35,VERA LUCIA VITALI PROFESSORA EMEF,Urbana,Municipal,-20.311445,-48.324195,false,true,false,false
35304414,3505500,35,PLUS COLEGIO,Urbana,Privada,-20.566957,-48.579781,false,true,true,true
35304591,3556800,35,MARILIA RIBEIRO PORTO ROSSETO PROFESSORA EMEF,Urbana,Municipal,-20.863511,-48.289103,false,true,false,false
35305662,3525904,35,APARECIDA MERINO ELIAS EMEB,Urbana,Municipal,-23.177014,-46.990019,true,true,false,false
35337717,3525904,35,PENTAGUNUM DE JUNDIAI COLEGIO,Urbana,Privada,-23.203275,-46.864298,false,true,true,true
35338084,3505500,35,DORIVAL TEIXEIRA PROF EM,Urbana,Municipal,-20.547138,-48.572546,false,true,false,false
35338126,3505500,35,FAUSTO LEX PROF EM,Urbana,Municipal,-20.581523,-48.557732,true,true,false,false
35338138,3505500,35,JOAO BARONI EM,Urbana,Municipal,-20.576261,-48.576060,false,true,false,false
35338175,3505500,35,SAGRADOS CORACOES EM,Urbana,Municipal,-20.535434,-48.572605,false,true,false,false
35338345,3543402,35,COLEGIO ALMEIDA GARRETT,Urbana,Privada,-21.166120,-47.803075,true,true,true,true
35338448,3506102,35,YOLANDA CAROLINA GIGLIO VILLELA EMEF,Urbana,Municipal,-20.924176,-48.499452,false,true,false,false
35341964,3525904,35,SABER DE EDUCACAO FUNDAMENTAL COLEGIO,Urbana,Privada,-23.216727,-46.872950,false,true,true,true
35343006,3512407,35,VILLA ROMANA COLEGIO,Urbana,Privada,-22.480160,-47.471718,false,false,true,false
35349124,3525904,35,BAIRRO FAZENDA GRANDE,Urbana,Estadual,-23.172629,-46.965931,false,false,true,true
35350588,3543402,35,JARDIM DIVA TARLA DE CARVALHO,Urbana,Estadual,-21.131082,-47.741383,false,false,true,true
35360818,3516309,35,MACHADO DE ASSIS ESCOLA MUNICIPAL,Urbana,Municipal,-23.288404,-46.758704,false,true,false,false
35361033,3516309,35,LUIZ SERGIO PACHECO DO NASCIMENTO PADRE ESCOLA MUNICIPAL,Urbana,Municipal,-23.286230,-46.708482,false,true,false,false
35365087,3512407,35,JOSE LEVY CORONEL ESCOLA MUNICIPAL ENSINO FUNDAMENTAL,Urbana,Municipal,-22.481775,-47.458158,false,true,false,false
35368465,3506102,35,MARIA FERNANDA LOPES PIFFER EMEB,Urbana,Municipal,-20.947042,-48.452237,false,true,false,false
35369536,3506102,35,BEBEDOURENSE DE EDUCACAO E CULTURA INSTITUTO IBEC,Urbana,Privada,-20.944666,-48.485618,true,true,true,false
35371610,3525904,35,INTEGRA ESCOLA DE FORMACAO ED INFANTIL E ENSINO FUNDAMENTAL,Urbana,Privada,-23.199325,-46.910411,true,true,true,false
35375494,3525904,35,DEODATO JANSKI EMEB,Urbana,Municipal,-23.172861,-46.870539,false,true,false,false
35376553,3525904,35,LUZIA FRANCISCA DE SOUZA MARTINS EMEB,Urbana,Municipal,-23.189163,-46.809072,true,true,false,false
35385931,3543402,35,COLEGIO JUBILEU,Urbana,Privada,-21.184679,-47.795560,true,true,true,false
35388877,3553658,35,EMEB PROFESSORA IVETE PEREIRA,Urbana,Municipal,-21.073565,-48.413799,false,true,false,false
35393812,3512407,35,BRINQ EDUC COLEGIO,Urbana,Privada,-22.477205,-47.467932,true,true,false,false
35400749,3505906,35,CAMPINHO DA PAZ ESCOLA ED INFANTIL PROGRAMA METAMORFOSE,Urbana,Privada,-20.897317,-47.606220,true,true,false,false
35406004,3531506,35,BAIRRO CRUZEIRO,Urbana,Estadual,-20.912967,-48.643167,false,false,true,true
35411127,3505906,35,EMEB PROFESSORA ANNA BONAGURA DE ANDRADE,Urbana,Municipal,-20.879647,-47.592372,true,true,false,false
35412181,3543402,35,PROFESSORA SUELI TEREZINHA DANHONE,Urbana,Estadual,-21.122309,-47.829549,false,false,true,true
35429173,3525904,35,THE JOY SCHOOL,Urbana,Privada,-23.192675,-46.962390,true,true,true,true
35430043,3543402,35,SAO GABRIEL ESCOLA DE EDUCACAO INFANTIL E ENSINO FUNDAMENTAL,Urbana,Privada,-21.129779,-47.832690,true,true,false,false
35430882,3525904,35,MARINA DE ALMEIDA RINALDI CARVALHO PROFA EMEB,Urbana,Municipal,-23.153528,-46.962775,false,true,false,false
35431138,3543402,35,CAPELLA KIDS SISTEMA DE ENSINO EIRELI ME,Urbana,Privada,-21.193832,-47.817647,true,true,false,false
35432994,3525904,35,DOMUS SAPIENS COLEGIO UNIDADE II,Urbana,Privada,-23.188779,-46.901654,true,true,true,true
35435065,3543402,35,PROFESSOR PAULO CESAR CARNIEL GIOVANNETTI,Urbana,Estadual,-21.154478,-47.846977,false,false,true,true
35435119,3525904,35,ALESSANDRA CRISTINA RODRIGUES DE O PEZZATO PROFA,Urbana,Estadual,-23.143329,-47.005813,false,false,true,true
35435946,3543402,35,WALDEMAR ROBERTO PROFESSOR DOUTOR EMEF,Urbana,Municipal,-21.122669,-47.738143,false,true,true,false
35436446,3512001,35,LAMOUNIER DE ANDRADE EMEF,Urbana,Municipal,-20.715492,-48.545698,false,false,true,false
35438819,3531506,35,ESPACO LIVRE MONTE AZUL ESCOLA,Urbana,Privada,-20.897760,-48.635475,true,true,true,false
35442884,3505906,35,EURIPEDES BARSANULFO PROF ESCOLA PEDAGOGICA ESPIRITA,Urbana,Privada,-20.901138,-47.592860,true,true,false,false
35442914,3543402,35,DUQUE ESCOLA DE EDUCACAO INFANTIL E ENSINO FUNDAMENTAL,Urbana,Privada,-21.196557,-47.839204,true,true,false,false
35446099,3525904,35,BEATRIZ BLATTNER PUPO PROFA EMEB,Urbana,Municipal,-23.143062,-46.984856,false,true,false,false
35446282,3543402,35,FAUSTINO JARRUCHE DR EMEF,Urbana,Municipal,-21.203827,-47.841883,false,true,false,false
35449222,3525904,35,TATO ECOLEGIO,Urbana,Privada,-23.182038,-46.986976,true,true,true,false
35449982,3525904,35,MARIA ANGELICA LORENCON PROFA EMEB,Rural,Municipal,-23.109685,-46.919334,true,true,false,false
35450315,3525904,35,ANEZIO DE OLIVEIRA PROFESSOR EMEB DOS SONHOS,Urbana,Municipal,-23.156817,-46.918807,true,true,false,false
35452786,3506102,35,IA JUNIOR COLEGIO,Urbana,Privada,-20.948118,-48.483101,true,true,true,false
35466645,3517406,35,ANA LELIS SANTANA CENTRO EDUCACIONAL UNIDADE I,Urbana,Privada,-20.324232,-48.312635,false,false,true,false
35467911,3543402,35,SEBASTIAO DE AGUIAR AZEVEDO UNIDADE II,Urbana,Municipal,-21.131140,-47.816356,false,false,true,false
35470685,3551900,35,VICTORIA MALDONADO CAZARINE CEC,Urbana,Municipal,-20.808217,-48.817222,false,false,true,false
35474630,3525904,35,JANET FERREIRA PRADO PROFA EMEB,Urbana,Municipal,-23.193183,-46.866810,true,true,false,false
35477624,3543402,35,JULIO CESAR VOLTARELLI DR EMEF,Urbana,Municipal,-21.195895,-47.736833,true,true,false,false
35477643,3543402,35,COLEGIO MARANATA,Urbana,Privada,-21.155200,-47.800240,true,true,false,false
35481397,3525904,35,ANTONI GAUDI COLEGIO,Urbana,Privada,-23.152794,-46.857610,true,true,true,true
35482948,3517406,35,COLEGIO AQUARELA GUAIRA,Urbana,Privada,-20.321624,-48.316161,true,true,true,false
35504622,3543402,35,CERVANTES COLEGIO UNIDADE II,Urbana,Privada,-21.256086,-47.812499,true,true,true,true
35557961,3543402,35,METROPOLITANA ESCOLA,Urbana,Privada,-21.203650,-47.762838,false,true,true,true
35559970,3543402,35,CENTRO ATEND SOCIOEDUC ADOLESCENTE RIBEIRAO PRETO CI,Urbana,Estadual,-21.191545,-47.858687,false,true,true,true
35559982,3543402,35,CENTRO ATEND SOCIOEDUC ADOLESCENTE CI RIO PARDO,Rural,Estadual,-21.183809,-47.867666,false,true,true,true
35562142,3543402,35,QUEIROZ BRUNELLI PRIMEIROS PASSOS UNID IV LAGOINHA COLEGIO,Urbana,Privada,-21.191949,-47.762142,false,true,true,false
35563900,3543402,35,CENTRO ATEND SOCIOEDUC ADOLESCENTE CANDIO PORTINARI CI,Rural,Estadual,-21.193432,-47.860512,false,true,true,true
35566780,3543402,35,DEPUTADO ANTONIO CALIXTO,Urbana,Estadual,-21.145234,-47.846663,false,true,true,false
35567656,3543402,35,MARISTA IR RUI LEOPOLDO DEPINE CENTRO EDUCACIONAL,Urbana,Privada,-21.205165,-47.854330,false,true,true,true
35567673,3543402,35,CONSTRUINDO CONHECIMENTO EEIEF,Urbana,Privada,-21.145795,-47.833277,true,true,true,true
35568168,3525904,35,FATIMA A D S PANDOLPHO EMEB PROFA,Urbana,Municipal,-23.144826,-46.978641,true,true,false,false
35568223,3525904,35,WALDORF ANGELIM ESCOLA,Urbana,Privada,-23.147049,-46.930811,false,true,true,false
35574961,3543402,35,COLEGIO MARISTA CHAMPAGNAT,Urbana,Privada,-21.226229,-47.789149,true,true,true,false
35576475,3543402,35,JOVEM FELIPE GUI ROCHA,Urbana,Estadual,-21.161542,-47.727133,false,true,true,true
35576487,3543402,35,PROFESSORA NAIR GUILHERMINA PINHEIRO NOGUEIRA NAIRZINHA,Urbana,Estadual,-21.151670,-47.760434,false,false,true,true
35576499,3543402,35,VEREADOR JOSE VELLONI,Urbana,Estadual,-21.203357,-47.856596,false,false,true,false
35579853,3516309,35,ESCOLA MUNICIPAL GIULIANO CECCHETTINI,Urbana,Municipal,-23.279418,-46.760346,false,true,false,false
35581409,3517406,35,CENTRO EDUCACIONAL ANA LELIS SANTANA UNID IV,Urbana,Privada,-20.323982,-48.316134,false,true,false,false
35582220,3525904,35,MARLY DE M M PEREIRA EMEB PROFA,Urbana,Municipal,-23.166459,-46.967861,false,true,false,false
35583613,3516309,35,ESCOLA MUNICIPAL PROFESSORA SANDRA REGINA COELHO RODRIGUES,Urbana,Municipal,-23.274880,-46.730885,true,true,false,false
35584939,3525904,35,COLEGIO VIDEIRA,Urbana,Privada,-23.183489,-46.986258,true,true,true,true
35654103,3525904,35,DUILIO MAZIERO EMEB,Rural,Municipal,-23.133024,-46.828133,true,true,false,false
35802116,3543402,35,FAVINHO DE MEL ESCOLA INFANTIL E FUNDAMENTAL,Urbana,Privada,-21.167465,-47.821768,true,true,false,false
35802220,3543402,35,CERVANTES COLEGIO,Urbana,Privada,-21.162676,-47.825707,true,true,true,true
35802347,3505906,35,COC BATATAIS,Urbana,Privada,-20.888955,-47.585015,true,true,true,true
35802529,3543402,35,PIRILAMPO COLEGIO EDUCACAO INFANTIL E ENSINO FUNDAMENTAL,Urbana,Privada,-21.161760,-47.833800,true,true,false,false
35807655,3543402,35,CAMPOS ELISEOS CENTRO EDUCACIONAL,Urbana,Privada,-21.158370,-47.806930,true,true,false,false
35807680,3543402,35,VILLA LOBOS COLEGIO,Urbana,Privada,-21.176880,-47.797110,true,true,true,true
35808489,3525904,35,COLEGIO INTEGRACAO JUNDIAI,Urbana,Privada,-23.178001,-46.910789,true,true,true,true
35808573,3525904,35,BOM SABER UNIDADE I ESCOLA,Urbana,Privada,-23.161443,-46.918243,false,true,true,false
35808623,3543402,35,PALAS ATENA COLEGIO,Urbana,Privada,-21.223960,-47.763570,false,true,false,false
35809445,3525904,35,CRIARTE COLEGIO,Urbana,Privada,-23.207555,-46.893465,true,true,true,true
35809457,3525904,35,SANTA FELICIDADE COLEGIO,Urbana,Privada,-23.178345,-46.887617,true,true,true,true
35809913,3543402,35,VIANNA COLEGIO,Urbana,Privada,-21.176636,-47.794140,false,false,true,true
35810915,3516309,35,A F SILVA EDUCACAO,Urbana,Privada,-23.281000,-46.745127,true,true,false,false
35900072,3543402,35,IRENE DIAS RIBEIRO PROFESSORA,Urbana,Estadual,-21.124035,-47.812545,false,false,true,true
35900734,3543402,35,BENEDITO MACIEL ARANTES PROFESSOR,Urbana,Estadual,-21.107712,-47.802975,false,true,false,false
35900746,3543402,35,ORLANDO JURCA DEPUTADO,Urbana,Estadual,-21.113134,-47.798659,false,true,false,false
35900758,3543402,35,JOAO PALMA GUIAO DOUTOR,Urbana,Estadual,-21.133295,-47.846337,false,false,true,true
35900761,3543402,35,HELIO LOURENCO DE OLIVEIRA PROFESSOR,Urbana,Estadual,-21.190799,-47.841442,false,false,true,false
35900771,3543402,35,MIGUEL JORGE,Urbana,Estadual,-21.177987,-47.775475,false,true,true,true
35903371,3506102,35,ORLANDO FRANCA DE CARVALHO PROFESSOR,Urbana,Estadual,-20.944206,-48.506682,false,false,true,true
35903462,3543402,35,GETULIO VARGAS DOUTOR,Urbana,Estadual,-21.113779,-47.787358,false,true,false,false
35903474,3543402,35,JOSE BOMPANI VEREADOR,Urbana,Estadual,-21.118167,-47.809666,false,true,true,false
35904090,3525904,35,JURANDYR DE SOUZA LIMA,Urbana,Estadual,-23.117997,-46.965552,false,false,true,true
35905800,3543402,35,AYMAR BAPTISTA PRADO PROFESSOR DOUTOR,Urbana,Estadual,-21.156237,-47.838667,false,true,false,false
35905811,3543402,35,BAUDILIO BIAGI,Urbana,Estadual,-21.114064,-47.803152,false,true,true,false
35906232,3516309,35,LYDIA SCALET WALKER PROFA,Urbana,Estadual,-23.269717,-46.752400,false,true,true,true
35906759,3505906,35,GERALDO TRISTAO DE LIMA PROFESSOR,Urbana,Estadual,-20.903539,-47.585065,false,true,false,false
35907736,3505500,35,FABIO JUNQUEIRA FRANCO,Urbana,Estadual,-20.546195,-48.551656,false,false,true,true
35907741,3505500,35,LACY BONILHA DE SOUZA PROFESSORA,Rural,Estadual,-20.613511,-48.762878,false,false,true,true
35907873,3543402,35,VICENTE TEODORO DE SOUZA PROFESSOR,Urbana,Estadual,-21.193589,-47.832582,false,false,true,false
35907881,3543402,35,EXPEDICIONARIOS BRASILEIROS,Urbana,Estadual,-21.224943,-47.764238,false,true,true,true
35909506,3525904,35,MARIA DE ALMEIDA SCHLEDORN PROFESSORA,Urbana,Estadual,-23.153369,-46.963335,false,false,true,true
35909737,3543402,35,GLORIA DOS SANTOS FONSECA PROFESSORA,Urbana,Estadual,-21.139537,-47.807574,false,true,false,false
35911306,3543402,35,ROSANGELA BASILE PROFESSORA,Urbana,Estadual,-21.201459,-47.854732,false,true,false,false
35912086,3543402,35,ROMEU ALBERTI DOM,Urbana,Estadual,-21.139607,-47.830328,false,false,true,true
35913078,3525904,35,BENEDICTO LOSCHI,Rural,Estadual,-23.123673,-46.935178,false,false,true,false
35913443,3516309,35,JOSE DE BARROS MARTINS EDITOR,Urbana,Estadual,-23.258000,-46.742507,false,false,true,true
35915233,3516309,35,BUENO DE AZEVEDO FILHO PROF,Urbana,Estadual,-23.283576,-46.753043,false,false,true,true
35915555,3543402,35,CORDELIA RIBEIRO RAGOZO PROFESSORA,Urbana,Estadual,-21.257590,-47.812210,false,true,true,false
35916869,3516309,35,LENITA CORREA CAMARGO PROFA,Urbana,Estadual,-23.281648,-46.740708,false,false,true,true
35918155,3543402,35,JESUS GUILHERME GIACOMINI,Urbana,Estadual,-21.202123,-47.836763,false,true,false,false
35918167,3543402,35,JORGE RODINI LUIZ PROFESSOR,Urbana,Estadual,-21.131688,-47.832277,false,true,false,false
35919433,3505906,35,MARIA VIRGINIA MANSUR BIAGI PROFESSORA,Urbana,Estadual,-20.884070,-47.579197,false,false,true,true
35921026,3516309,35,PEDRO PAULO DE AGUIAR,Urbana,Estadual,-23.274243,-46.720928,false,false,true,true
35922547,3512407,35,ODECIO LUCKE PROFESSOR,Urbana,Estadual,-22.491576,-47.456434,false,false,true,true
35923114,3516309,35,JARDIM DAS ROSAS,Urbana,Estadual,-23.283587,-46.735870,false,false,true,true
35923631,3516309,35,APARECIDO ROBERTO TONELLOTTI PROFESSOR,Urbana,Estadual,-23.299092,-46.729574,false,false,true,true
35924167,3516309,35,PARQUE CENTO E VINTE II,Urbana,Estadual,-23.261486,-46.736114,false,false,true,true
35924532,3516309,35,JARDIM SILVIA II,Urbana,Estadual,-23.268834,-46.730804,false,false,true,true
35925020,3525904,35,JOAQUIM JUSTINO CARREIRA,Urbana,Estadual,-23.144357,-46.988919,false,false,true,true
35925664,3543402,35,PROFESSOR LAURO BIGELLI,Urbana,Estadual,-21.133592,-47.846511,false,true,false,false
35925676,3543402,35,ESPLANADA DA ESTACAO,Urbana,Estadual,-21.159729,-47.766892,false,true,false,false
35925688,3543402,35,JARDIM PAIVA I,Urbana,Estadual,-21.150584,-47.851240,false,true,false,false
35925697,3543402,35,JULIETA FERNANDA SOUSA TARANTO,Urbana,Estadual,-21.204153,-47.843227,false,false,true,false
35925706,3543402,35,PARQUE DOS SERVIDORES,Urbana,Estadual,-21.191885,-47.736053,false,false,true,true
35925718,3543402,35,PROFESSOR DIVO MARINO,Urbana,Estadual,-21.139823,-47.851619,false,true,false,false
